,Name,Term,ES,NES,NOM p-val,FDR q-val,FWER p-val,Tag %,Gene %,Lead_genes
0,prerank,Non-small cell lung cancer,0.5975671316113585,1.751158834425986,0.0,0.017129151318455455,0.016,33/63,19.14%,RAF1;HRAS;PIK3R3;BAD;EGFR;ERBB2;PIK3CD;PIK3CA;EML4;JAK3;STAT3;PRKCA;BRAF;PLCG2;FOXO3;SOS2;CDK6;AKT1;ALK;ARAF;MAP2K1;MAPK3;CASP9;TP53;SOS1;RB1;RARB;PIK3CB;PRKCB;PIK3R1;GRB2;BAX;E2F1
1,prerank,Hepatitis B,0.5555323892649598,1.708973128525093,0.0,0.01662535275026559,0.029,85/153,23.83%,SMAD2;RAF1;JUN;CREB3L2;NFATC3;HRAS;CCNE1;CREB3;PIK3R3;BAD;CREBBP;SMAD4;FAS;FOS;FADD;MAP2K4;IKBKE;PIK3CD;NFKB1;PIK3CA;STAT6;TGFBR2;JAK3;STAT3;PRKCA;IFNB1;TGFBR1;BRAF;JAK2;IKBKG;SOS2;BCL2;MAPK9;APAF1;TYK2;MYC;AKT1;ARAF;RELA;TGFB1;MAP2K3;TICAM2;ATF4;MAP2K1;MAPK3;CASP9;TP53;SOS1;IFNA21;RB1;TAB2;MAPK13;PIK3CB;PRKCB;IFNAR1;IFNA4;STAT2;PIK3R1;IFNA10;TICAM1;CREB3L4;CASP3;TGFB3;MAP3K7;STAT1;IL6;IRAK4;TRAF6;GRB2;BAX;E2F1;IFNA14;PCNA;CCNA2;TBK1;MAPK12;MAPK11;IFNA16;MAPK14;MYD88;MAP3K1;DDB2;NFATC1;CREB1;KRAS
2,prerank,Renal cell carcinoma,0.5833650901412092,1.7003220387423115,0.0,0.01242703134868337,0.033,28/62,18.22%,HIF1A;RAF1;JUN;HRAS;SLC2A1;PIK3R3;MET;BAD;CREBBP;PIK3CD;PIK3CA;CRKL;BRAF;VEGFA;PAK1;SOS2;CUL2;AKT1;ARAF;TGFB1;FH;MAP2K1;MAPK3;SOS1;PIK3CB;PIK3R1;TGFB3;GRB2
3,prerank,Pancreatic cancer,0.5766189394698866,1.6971987406527118,0.0,0.010075971363797327,0.035,48/71,30.61%,SMAD2;RAF1;MTOR;PIK3R3;BAD;SMAD4;RPS6KB1;EGFR;ERBB2;PIK3CD;NFKB1;PIK3CA;TGFBR2;STAT3;TGFBR1;BRAF;VEGFA;IKBKG;MAPK9;CDK6;AKT1;ARAF;RELA;TGFB1;MAP2K1;MAPK3;CASP9;TP53;RB1;PIK3CB;PIK3R1;TGFB3;STAT1;BAX;E2F1;BRCA2;DDB2;KRAS;RALB;JAK1;IKBKB;GADD45B;RPS6KB2;RAD51;RALA;MAPK8;PLD1;CCND1
4,prerank,AGE-RAGE signaling pathway in diabetic complications,0.5615579291378968,1.6955379692172001,0.0,0.008262296518313807,0.036,51/89,24.57%,AGT;SMAD2;JUN;EDN1;HRAS;PIK3R3;SMAD4;FOXO1;PIK3CD;NFKB1;PIK3CA;TGFBR2;STAT3;PRKCA;TGFBR1;CDKN1B;JAK2;VEGFA;PLCG2;BCL2;MAPK9;AKT1;RELA;TGFB1;MAPK3;FN1;PRKCE;MAPK13;PIK3CB;VEGFB;PRKCB;F3;PIK3R1;CASP3;TGFB3;STAT1;IL6;PRKCD;BAX;ICAM1;MAPK12;MAPK11;MAPK14;NOX1;COL1A2;VEGFC;NFATC1;KRAS;COL4A4;PIM1;SERPINE1
5,prerank,Colorectal cancer,0.5712062453632133,1.6937446776543543,0.0,0.007221112810721417,0.038,49/79,30.61%,SMAD2;RAF1;MTOR;JUN;HRAS;PIK3R3;BAD;SMAD4;RPS6KB1;EGFR;FOS;PMAIP1;PIK3CD;PIK3CA;TGFBR2;TGFBR1;BRAF;AXIN2;SOS2;BCL2;MAPK9;MYC;AKT1;ARAF;TGFB1;MAP2K1;MAPK3;CASP9;TP53;SOS1;PIK3CB;PIK3R1;CASP3;TGFB3;GRB2;TCF7L2;BAX;DDB2;KRAS;RALB;GADD45B;CYCS;RPS6KB2;RALA;AXIN1;CTNNB1;MAPK8;NRAS;CCND1
6,prerank,Osteoclast differentiation,0.5509856402168666,1.6744218835941425,0.0,0.008204719539092109,0.05,69/122,26.90%,FOSL2;JUN;PPARG;CTSK;ITGB3;PIK3R3;PPP3CA;FOS;IFNGR1;FOSL1;PIK3CD;NFKB1;PIK3CA;TGFBR2;TNFRSF11B;LCP2;IFNB1;TGFBR1;SOCS1;CYBA;PLCG2;IKBKG;FYN;MAPK9;PPP3CC;TYK2;AKT1;RELA;TGFB1;PPP3R2;MAP2K1;MAPK3;TAB2;SQSTM1;RELB;FCGR2B;FCGR2A;MAPK13;PIK3CB;MAP3K14;LILRA6;OSCAR;IFNAR1;STAT2;PIK3R1;IFNG;MAP3K7;CSF1R;LCK;STAT1;TRAF6;GRB2;IL1R1;FCGR3B;ACP5;LILRA1;MAPK12;MAPK11;MAPK14;FOSB;NOX1;NFATC1;CREB1;IRF9;TNFRSF1A;JAK1;MITF;IKBKB;SYK
7,prerank,Natural killer cell mediated cytotoxicity,0.5581686400419374,1.6740141446896548,0.0,0.0073050792387530615,0.05,53/105,23.83%,RAF1;LAT;HRAS;PIK3R3;CD244;PTPN6;PPP3CA;FAS;IFNGR1;PIK3CD;PIK3CA;PRKCA;LCP2;IFNB1;BRAF;KIR2DL4;PLCG2;ITGB2;PAK1;SOS2;FYN;PPP3CC;KLRC3;ARAF;PPP3R2;MAP2K1;MAPK3;SOS1;IFNA21;ZAP70;PIK3CB;PRKCB;IFNAR1;IFNA4;PIK3R1;IFNA10;IFNG;CASP3;LCK;ICAM2;GRB2;HLA-A;SH2D1A;IFNA14;FCGR3B;ITGAL;ICAM1;NCR3;IFNA16;KIR3DL1;NCR1;NFATC1;KRAS
8,prerank,ErbB signaling pathway,0.5619522982310692,1.6661754056857432,0.0,0.0077249113789112835,0.06,34/79,16.11%,RAF1;MTOR;JUN;HRAS;PIK3R3;BAD;CBLB;RPS6KB1;ERBB4;EGFR;ABL1;ERBB2;MAP2K4;PIK3CD;PIK3CA;CRKL;PRKCA;BRAF;CDKN1B;PLCG2;PAK1;SOS2;MAPK9;ERBB3;MYC;AKT1;ARAF;MAP2K1;MAPK3;SOS1;EIF4EBP1;PIK3CB;PRKCB;PIK3R1
9,prerank,VEGF signaling pathway,0.5718323734809548,1.6642607551995614,0.0,0.0073554590955720485,0.064,27/52,23.83%,RAF1;HRAS;PIK3R3;BAD;PPP3CA;PIK3CD;PIK3CA;PRKCA;VEGFA;PLCG2;MAPKAPK2;PPP3CC;AKT1;PPP3R2;MAP2K1;MAPK3;CASP9;MAPKAPK3;MAPK13;PIK3CB;PRKCB;JMJD7-PLA2G4B;PIK3R1;MAPK12;MAPK11;MAPK14;KRAS
10,prerank,Prion diseases,0.6140071330995307,1.660082043058794,0.0,0.007511178653012554,0.072,14/29,19.63%,C1QA;NCAM1;PRKACG;PRKACA;FYN;PRNP;MAP2K1;MAPK3;SOD1;NOTCH1;PRKACB;IL6;BAX;CCL5
11,prerank,HIF-1 signaling pathway,0.5530375799868019,1.6484709278931888,0.0,0.008732508515291016,0.091,42/89,20.31%,MKNK2;HIF1A;MTOR;EIF4E;EDN1;SLC2A1;PIK3R3;CREBBP;IGF1R;RPS6KB1;EGFR;ERBB2;IFNGR1;PIK3CD;NFKB1;PIK3CA;PDHB;STAT3;PRKCA;CDKN1B;VEGFA;PDHA1;PLCG2;BCL2;CUL2;AKT1;HMOX1;RELA;MAP2K1;MAPK3;EIF4EBP1;PIK3CB;PRKCB;PDK1;PIK3R1;IFNG;IL6;INSR;CAMK2D;PGK1;PFKL;GAPDH
12,prerank,Longevity regulating pathway,0.5583265084756895,1.6456130442633763,0.0,0.008138284563067071,0.092,47/85,23.86%,HDAC1;MTOR;EIF4E;CREB3L2;PPARG;HRAS;CREB3;PIK3R3;CAT;IGF1R;RPS6KB1;FOXO1;PIK3CD;NFKB1;PIK3CA;PRKACG;PRKACA;FOXO3;AKT1;RELA;IRS1;ATF4;EIF4EBP2;ADCY6;PRKAA1;TP53;EIF4EBP1;ADCY3;SOD1;PIK3CB;STK11;ADCY9;PIK3R1;PRKACB;CREB3L4;PRKAG1;INSR;BAX;RPTOR;SOD2;TSC2;PRKAG2;IRS2;RHEB;CREB1;KRAS;HSPA2
13,prerank,MicroRNAs in cancer,0.5413232884620727,1.6406519061225502,0.0,0.008708518107281975,0.107,69/129,26.56%,NOTCH2;RAF1;HDAC1;MTOR;SLC7A1;ITGB3;HRAS;CCNE1;BCL2L2;WNT3;MET;CREBBP;PDGFRA;ROCK1;EGFR;ABL1;ERBB2;DNMT3A;NFKB1;PIK3CA;CRKL;EZH2;STAT3;PRKCA;CDKN1B;SOCS1;VEGFA;CCND2;BMI1;PLCG2;SOS2;BCL2;SOX4;FGFR3;ERBB3;DDIT4;MYC;CDK6;CDC25B;HMOX1;IRS1;MAP2K1;TP53;SOS1;PRKCE;TPM1;THBS1;PRKCB;NOTCH1;CDC25A;CASP3;GRB2;BRCA1;DICER1;E2F1;STMN1;RPTOR;MAPK7;HDAC4;IRS2;RDX;ATM;KRAS;PIM1;PLAU;MDM4;CCNG1;ZEB1;IKBKB
14,prerank,Relaxin signaling pathway,0.5405308430398924,1.6342034626590871,0.0,0.008934027942566963,0.119,56/103,24.36%,SMAD2;RAF1;JUN;CREB3L2;EDN1;HRAS;CREB3;PIK3R3;GNAI3;EGFR;FOS;MAP2K4;PIK3CD;NFKB1;GNAI2;PIK3CA;PRKACG;RXFP4;TGFBR2;PRKCA;TGFBR1;GNGT2;PRKACA;VEGFA;SOS2;MAPK9;AKT1;RELA;TGFB1;ATF4;ADCY6;MMP13;MAP2K1;MAPK3;SOS1;ADCY3;GNAS;MAPK13;PIK3CB;VEGFB;GNB5;ADCY9;PIK3R1;PRKACB;CREB3L4;GRB2;GNG12;MAPK12;MAPK11;MAPK14;COL1A2;VEGFC;GNA15;CREB1;KRAS;COL4A4
15,prerank,Th17 cell differentiation,0.5382184726237804,1.628220049264014,0.0,0.00900539940639386,0.128,56/107,26.56%,HIF1A;SMAD2;IL4R;LAT;MTOR;JUN;NFKBIB;NFATC3;HSP90AB1;PPP3CA;SMAD4;FOS;IFNGR1;NFKB1;CD3G;STAT6;FOXP3;TGFBR2;JAK3;STAT3;RORA;TGFBR1;JAK2;GATA3;IKBKG;MAPK9;PPP3CC;TYK2;RELA;TGFB1;PPP3R2;IL1RAP;MAPK3;IL22;ZAP70;MAPK13;IRF4;IFNG;HLA-DPB1;LCK;STAT1;IL6;HSP90AA1;IL1R1;AHR;MAPK12;MAPK11;MAPK14;HLA-DRB5;IL2;NFATC1;HLA-DMB;JAK1;IL2RB;HLA-DRB3;IKBKB
16,prerank,Chronic myeloid leukemia,0.5545902415155212,1.62491505581873,0.0,0.009068374227417592,0.137,35/71,19.14%,RAF1;HDAC1;HRAS;PIK3R3;BAD;SMAD4;ABL1;PIK3CD;NFKB1;PIK3CA;CRKL;TGFBR2;TGFBR1;BRAF;CDKN1B;IKBKG;SOS2;MYC;CDK6;AKT1;ARAF;RELA;TGFB1;MAP2K1;MAPK3;TP53;SOS1;RB1;PIK3CB;PIK3R1;TGFB3;GRB2;MECOM;BAX;E2F1
17,prerank,Endometrial cancer,0.5649925074738786,1.6225670127530336,0.001001001001001001,0.008900441371354307,0.142,33/53,30.61%,RAF1;HRAS;ILK;PIK3R3;BAD;EGFR;ERBB2;PIK3CD;PIK3CA;BRAF;AXIN2;FOXO3;SOS2;MYC;AKT1;ARAF;MAP2K1;MAPK3;CASP9;TP53;SOS1;PIK3CB;PIK3R1;GRB2;TCF7L2;BAX;DDB2;KRAS;GADD45B;AXIN1;CTNNB1;NRAS;CCND1
18,prerank,Prostate cancer,0.5457301440474981,1.6189840578540586,0.0,0.009015342799187082,0.15,51/89,26.56%,RAF1;MTOR;CREB3L2;HRAS;HSP90AB1;CCNE1;CREB3;PIK3R3;BAD;CREBBP;PDGFRA;IGF1R;EGFR;ERBB2;FOXO1;PIK3CD;NFKB1;PIK3CA;BRAF;CDKN1B;IKBKG;SOS2;BCL2;AKT1;ARAF;RELA;ATF4;MAP2K1;MAPK3;CASP9;IL1R2;TP53;SOS1;RB1;PIK3CB;PIK3R1;PLAT;CREB3L4;GRB2;HSP90AA1;TCF7L2;FGFR2;E2F1;HSP90B1;ERG;CREB1;KRAS;PLAU;NKX3-1;ZEB1;IKBKB
19,prerank,Toll-like receptor signaling pathway,0.5368572062196741,1.6181987468837025,0.0,0.008614955516046715,0.151,49/98,22.49%,JUN;CD40;CTSK;TLR7;PIK3R3;TOLLIP;FOS;FADD;MAP2K4;IKBKE;PIK3CD;NFKB1;PIK3CA;IFNB1;IKBKG;TLR9;MAPK9;AKT1;RELA;IL12B;MAP2K3;TICAM2;MAP2K1;MAPK3;IFNA21;TAB2;RIPK1;MAPK13;PIK3CB;IFNAR1;IFNA4;PIK3R1;IFNA10;TICAM1;MAP3K7;STAT1;IL6;IRAK4;TRAF6;CXCL11;IFNA14;CCL5;IRF5;TBK1;MAPK12;MAPK11;IFNA16;MAPK14;MYD88
20,prerank,Vasopressin-regulated water reabsorption,0.6029990534971946,1.6140870747898288,0.0,0.009116355043435677,0.168,15/27,23.70%,CREB3L2;CREB3;DYNLL2;PRKACG;PRKACA;ADCY6;DCTN6;ADCY3;GNAS;STX4;ADCY9;PRKACB;CREB3L4;RAB5A;CREB1
21,prerank,Regulation of lipolysis in adipocytes,0.5661623757636703,1.607509292130912,0.001002004008016032,0.009801172144784672,0.185,22/43,17.76%,PIK3R3;GNAI3;PIK3CD;GNAI2;PIK3CA;PRKACG;FABP4;PRKACA;NPY1R;AKT1;PRKG2;IRS1;ADCY6;ADCY3;GNAS;PIK3CB;ADCY9;PIK3R1;PRKACB;PDE3B;INSR;MGLL
22,prerank,Gastric cancer,0.5316534199207659,1.6060913958478653,0.0,0.009594077081180933,0.189,47/114,19.14%,SMAD2;DVL2;RAF1;MTOR;FGF9;HRAS;CCNE1;PIK3R3;WNT3;MET;SMAD4;RPS6KB1;EGFR;ERBB2;PIK3CD;WNT9A;PIK3CA;FZD9;TGFBR2;CSNK1A1;TGFBR1;BRAF;CDKN1B;AXIN2;FZD4;SOS2;BCL2;MYC;AKT1;ARAF;TGFB1;MAP2K1;MAPK3;TP53;SOS1;RB1;RARB;PIK3CB;CSNK1A1L;PIK3R1;TGFB3;DVL3;GRB2;TCF7L2;FGFR2;BAX;E2F1
23,prerank,Terpenoid backbone biosynthesis,0.6381745521232576,1.603092858525557,0.005324813631522897,0.00978208886568657,0.198,8/17,17.81%,ACAT2;ACAT1;FDPS;DHDDS;HMGCS1;HMGCR;ICMT;MVK
24,prerank,Kaposi sarcoma-associated herpesvirus infection,0.5218727010492382,1.6018197602017081,0.0,0.009471413081969488,0.2,98/159,33.38%,HIF1A;RAF1;MTOR;JUN;NFATC3;PIK3C3;HRAS;PIK3R3;CREBBP;PPP3CA;FAS;FOS;FADD;MAP2K4;CALM2;IFNGR1;IKBKE;PIK3CD;NFKB1;PIK3CA;STAT3;C3;IFNB1;GNGT2;JAK2;VEGFA;PLCG2;IKBKG;MAPKAPK2;MAPK9;PPP3CC;TYK2;MYC;CDK6;AKT1;RELA;PPP3R2;MAP2K1;MAPK3;CASP9;PIK3CG;TP53;IFNA21;RB1;BECN1;MAPK13;PIK3CB;ATG3;GNB5;IFNAR1;IFNA4;STAT2;PIK3R1;IFNA10;TICAM1;CASP3;STAT1;IL6;HLA-A;GNG12;BAX;E2F1;IFNA14;ICAM1;ITPR3;TBK1;MAPK12;MAPK11;IFNA16;MAPK14;CXCL2;NFATC1;CREB1;KRAS;IRF9;TNFRSF1A;JAK1;IKBKB;UBB;SYK;ITPR1;CYCS;GNG7;IFNA8;BID;CTNNB1;IFNA2;MAPK8;NRAS;CASP8;CCND1;NFKBIA;GNG5;CXCL1;CDK4;LYN;TRAF3;NFATC4
25,prerank,Central carbon metabolism in cancer,0.5544659544598679,1.5982807816810365,0.0,0.009688434003651276,0.21,29/60,19.94%,HIF1A;RAF1;MTOR;HRAS;SLC2A1;PIK3R3;MET;PDGFRA;EGFR;ERBB2;PIK3CD;PIK3CA;PDHB;PDHA1;FGFR3;MYC;AKT1;SIRT6;MAP2K1;MAPK3;TP53;PIK3CB;FLT3;GCK;PDK1;PIK3R1;SIRT3;FGFR2;PFKL
26,prerank,Measles,0.5228646093823112,1.5959934608102686,0.0,0.009553513589378206,0.213,76/126,30.77%,CSNK2B;JUN;NFKBIB;TLR7;CCNE1;PIK3R3;BAD;CBLB;FAS;FOS;FADD;IKBKE;PIK3CD;NFKB1;PIK3CA;CD3G;JAK3;STAT3;IFNB1;CDKN1B;CCND2;EIF2AK1;IKBKG;BCL2;TLR9;MAPK9;TNFAIP3;APAF1;TYK2;CDK6;AKT1;RELA;IL12B;CASP9;TP53;IFNA21;RCHY1;TAB2;FCGR2B;PIK3CB;CSNK2A2;CCND3;IFNAR1;IFNA4;STAT2;PIK3R1;IFNA10;CASP3;MAP3K7;STAT1;IL6;IRAK4;TRAF6;BAX;IFNA14;TBK1;IFNA16;MYD88;IL2;ADAR;HSPA2;IRF9;JAK1;TLR4;IL2RB;IKBKB;CYCS;EIF3H;IFNA8;BID;CSNK2A1;IFNA2;MAPK8;CASP8;CCND1;NFKBIA
27,prerank,"Valine, leucine and isoleucine degradation",0.566410083979827,1.59410496850105,0.001006036217303823,0.009464215959566775,0.219,20/39,23.55%,ACAT2;ACAT1;HSD17B10;PCCA;ALDH6A1;BCKDHA;DLD;EHHADH;ALDH9A1;PCCB;HMGCS1;ALDH2;HADH;HIBCH;OXCT1;HADHB;HADHA;ACAA1;AOX1;ALDH7A1
28,prerank,B cell receptor signaling pathway,0.5415518944648977,1.586067258905927,0.0,0.010353929194522772,0.243,38/68,28.23%,RAF1;JUN;NFKBIB;NFATC3;HRAS;INPP5D;PIK3R3;PTPN6;PPP3CA;FOS;PIK3CD;NFKB1;PIK3CA;PLCG2;IKBKG;SOS2;PPP3CC;AKT1;RELA;PPP3R2;MAP2K1;MAPK3;SOS1;FCGR2B;PIK3CB;PRKCB;PIK3R1;GRB2;BCL10;CD81;NFATC1;CD19;KRAS;IKBKB;SYK;VAV1;DAPP1;NFKBIE
29,prerank,Chagas disease (American trypanosomiasis),0.5271188366146798,1.5837250892923023,0.0,0.010680529645625167,0.258,53/97,26.56%,SMAD2;CFLAR;JUN;C1QA;PIK3R3;GNAI3;FAS;FOS;FADD;MAP2K4;IFNGR1;PIK3CD;NFKB1;GNAI2;PIK3CA;CD3G;TGFBR2;C3;IFNB1;TGFBR1;IKBKG;TLR9;MAPK9;AKT1;RELA;IL12B;TGFB1;MAPK3;BDKRB2;GNAS;MAPK13;PIK3CB;PIK3R1;TICAM1;IFNG;TGFB3;IL6;IRAK4;TRAF6;KNG1;CCL5;MAPK12;MAPK11;MAPK14;MYD88;IL2;GNA15;SERPINE1;TNFRSF1A;TLR4;PPP2R2C;GNAI1;IKBKB
30,prerank,Epithelial cell signaling in Helicobacter pylori infection,0.5398212729588304,1.5814400588210586,0.0,0.0106285246321346,0.265,34/52,32.60%,ADAM10;JUN;MET;CSK;CXCR1;EGFR;MAP2K4;ATP6V1D;NFKB1;PLCG2;IKBKG;PAK1;MAPK9;JAM2;RELA;ATP6V0B;MAPK13;MAP3K14;CASP3;CCL5;MAPK12;MAPK11;MAPK14;ATP6V1A;NOD1;TCIRG1;IKBKB;ADAM17;IGSF5;MAPK8;NFKBIA;CXCL1;GIT1;LYN
31,prerank,TNF signaling pathway,0.5230032241806261,1.575375211368605,0.0,0.011020593679153326,0.284,59/104,31.56%,CFLAR;JUN;CREB3L2;EDN1;RPS6KA4;DNM1L;CREB3;PIK3R3;FAS;FOS;FADD;MAP2K4;PIK3CD;NFKB1;PIK3CA;IFNB1;IKBKG;MAPK9;TNFAIP3;AKT1;RELA;MAP2K3;ATF4;MAP2K1;MAPK3;TAB2;RIPK1;MAPK13;PIK3CB;MAP3K14;IL15;PIK3R1;CREB3L4;CASP3;MAP3K7;IL6;CCL5;ICAM1;ITCH;LTA;MAPK12;MAPK11;CEBPB;MAPK14;CXCL2;VEGFC;CREB1;MAP3K5;TNFRSF1A;IKBKB;CASP10;JAG1;BCL3;BIRC2;MAPK8;CASP8;NFKBIA;IRF1;CXCL1
32,prerank,Neurotrophin signaling pathway,0.524859606807671,1.5734969344145884,0.0,0.011022502007063137,0.293,64/103,32.32%,NGFR;RAF1;JUN;NFKBIB;HRAS;PIK3R3;BAD;RPS6KA1;IRAK2;ABL1;CALM2;PIK3CD;NFKB1;PIK3CA;CRKL;MAGED1;BRAF;PLCG2;FOXO3;SOS2;BCL2;MAPKAPK2;MAPK9;AKT1;RELA;IRS1;ATF4;MAP2K1;MAPK3;FRS2;TP53;SOS1;PSEN1;ZNF274;MAPK13;PIK3CB;PIK3R1;SH2B3;IRAK4;TRAF6;PRKCD;GRB2;BAX;CAMK2D;MAPK7;MAPK12;MAPK11;MAPK14;CAMK2G;MAP3K1;KRAS;MAP3K5;RPS6KA6;IKBKB;NFKBIE;RIPK2;NTRK3;CAMK2B;MAP2K5;MAPK8;NRAS;NFKBIA;RPS6KA3;SORT1
33,prerank,Hepatocellular carcinoma,0.5150427394920948,1.5647877436593425,0.0,0.0122393416860244,0.328,60/146,19.82%,SMARCD2;SMAD2;DVL2;RAF1;KEAP1;MTOR;ARID1A;DPF1;HRAS;TXNRD1;PIK3R3;WNT3;MET;BAD;SMAD4;IGF1R;RPS6KB1;EGFR;SMARCA4;PIK3CD;GSTM2;WNT9A;PIK3CA;SMARCC1;FZD9;TGFBR2;CSNK1A1;PRKCA;TGFBR1;BRAF;AXIN2;PLCG2;FZD4;SOS2;MGST2;MYC;CDK6;AKT1;ARAF;HMOX1;TGFB1;GSTO1;MAP2K1;MAPK3;TP53;SOS1;RB1;PIK3CB;CSNK1A1L;PRKCB;PIK3R1;NFE2L2;TGFB3;DVL3;GRB2;TCF7L2;BAX;GSTM4;E2F1;PHF10
34,prerank,Insulin signaling pathway,0.5174761036281348,1.563717340426682,0.0,0.01209116563655679,0.331,66/111,31.67%,MKNK2;RAF1;MTOR;EIF4E;PCK2;HRAS;SOCS2;SOCS4;PIK3R3;BAD;CBLB;RPS6KB1;FOXO1;CALM2;PIK3CD;PIK3CA;PRKACG;CRKL;PHKA1;PYGL;BRAF;SOCS1;PRKACA;SOS2;MAPK9;PRKAR2B;G6PC2;AKT1;ARAF;IRS1;ACACA;MAP2K1;MAPK3;PRKAA1;SOS1;PHKG2;EIF4EBP1;PIK3CB;GCK;PIK3R1;PRKACB;PDE3B;PRKAG1;INSR;GRB2;PHKB;RPTOR;PRKAR1A;TSC2;PRKAG2;IRS2;RHEB;PRKAR1B;KRAS;PYGM;IKBKB;RPS6KB2;PTPN1;MKNK1;PPARGC1A;GYS1;MAPK8;NRAS;PYGB;HK1;PPP1CC
35,prerank,Human cytomegalovirus infection,0.5066033101233547,1.5607988950722456,0.0,0.012343064920651726,0.344,107/197,31.06%,RAF1;MTOR;CREB3L2;NFATC3;ITGB3;HRAS;CREB3;PIK3R3;GNAI3;PPP3CA;PDGFRA;RPS6KB1;ROCK1;EGFR;FAS;FADD;CALM2;PIK3CD;NFKB1;GNAI2;PIK3CA;PRKACG;CRKL;STAT3;PRKCA;IFNB1;GNGT2;PRKACA;VEGFA;IKBKG;SOS2;IL10RB;B2M;PPP3CC;MYC;CDK6;AKT1;RELA;ATF4;PPP3R2;ADCY6;MAP2K1;MAPK3;CASP9;TP53;SOS1;IFNA21;RB1;EIF4EBP1;RIPK1;ADCY3;GNAS;MAPK13;PIK3CB;PRKCB;GNB5;ADCY9;IFNA4;PIK3R1;PRKACB;IFNA10;CREB3L4;CASP3;IL6;GRB2;HLA-A;GNG12;BAX;E2F1;IL1R1;IFNA14;CCL5;ARHGEF11;TSC2;ITPR3;GNA13;TAP2;TBK1;MAPK12;MAPK11;IFNA16;MAPK14;RHEB;NFATC1;CREB1;KRAS;TNFRSF1A;JAK1;CXCL12;AKAP13;PTK2;GNAI1;IKBKB;CCL4;ITPR1;CYCS;RPS6KB2;GNG7;IFNA8;BID;CTNNB1;IFNA2;NRAS;CASP8;CCND1;NFKBIA;GNG5
36,prerank,Progesterone-mediated oocyte maturation,0.5319773124005975,1.558151851726352,0.001,0.012281792121817821,0.349,39/65,26.42%,RAF1;HSP90AB1;PIK3R3;GNAI3;RPS6KA1;IGF1R;PIK3CD;GNAI2;PIK3CA;PRKACG;PKMYT1;BRAF;PRKACA;CCNB2;MAPK9;AKT1;CDC25B;ARAF;ADCY6;MAP2K1;MAPK3;ADCY3;MAPK13;PIK3CB;ADCY9;PIK3R1;PRKACB;CDC25A;PDE3B;PGR;HSP90AA1;CCNA2;MAPK12;MAPK11;MAPK14;KRAS;RPS6KA6;BUB1;GNAI1
37,prerank,MAPK signaling pathway,0.4971800828257207,1.553729325614875,0.0,0.012621479918861913,0.366,110/233,26.95%,MKNK2;NGFR;MEF2C;EPHA2;RAF1;LAMTOR3;JUN;RPS6KA4;FGF9;NFATC3;HRAS;PPM1B;MET;PPP3CA;RPS6KA1;PDGFRA;IGF1R;ERBB4;EGFR;FAS;MAX;FOS;ERBB2;MAP2K4;NFKB1;PRKACG;CRKL;TGFBR2;CACNA1C;PRKCA;TGFBR1;BRAF;PRKACA;VEGFA;SRF;PTPN5;CACNG1;MAP3K4;IKBKG;DDIT3;PAK1;CACNB4;SOS2;MAPKAPK2;MAPK9;CACNG3;PPP3CC;FGFR3;ERBB3;MAP3K13;MYC;AKT1;CDC25B;ARAF;RELA;TGFB1;MAP2K3;ATF4;PPP3R2;MAP2K1;IL1RAP;MAPK3;TP53;SOS1;MAP3K11;TAB2;MAPKAPK3;RELB;MAPK13;FLT3;DUSP7;VEGFB;MAP3K14;PRKCB;JMJD7-PLA2G4B;PRKACB;CASP3;TGFB3;MAP3K7;CSF1R;INSR;IRAK4;TRAF6;GRB2;GNG12;FGFR2;MECOM;IL1R1;STMN1;RASGRP2;MAPK7;MAPK12;MAPK11;NR4A1;MAPK14;MYD88;MAP3K1;NLK;VEGFC;NFATC1;KRAS;HSPA2;MAP3K5;NF1;TNFRSF1A;RPS6KA6;RASA1;IKBKB;TAOK2;GADD45B
38,prerank,Autophagy,0.5198206172703596,1.5529414111825095,0.0,0.01242703134868337,0.368,47/100,23.83%,HIF1A;CFLAR;RAF1;MTOR;PIK3C3;HRAS;PIK3R3;ERN1;BAD;IGF1R;RPS6KB1;LAMP1;PIK3CD;ATG16L2;PIK3CA;PRKACG;DAPK3;PRKACA;BCL2;MAPK9;DDIT4;NRBF2;AKT1;IRS1;MAP2K1;MAPK3;PRKAA1;PIK3R4;BECN1;DAPK2;PIK3CB;ATG3;ATG16L1;STK11;PIK3R1;PRKACB;SUPT20H;MAP3K7;TRAF6;PRKCD;RPTOR;ATG4D;TSC2;IRS2;RHEB;MTMR3;KRAS
39,prerank,Leishmaniasis,0.5275404802628644,1.5499848022872895,0.0,0.012821673560432097,0.385,36/69,26.40%,JUN;NFKBIB;PTPN6;FOS;IFNGR1;NFKB1;C3;CYBA;JAK2;ITGB2;RELA;IL12B;TGFB1;MAPK3;TAB2;CR1;FCGR2A;MAPK13;PRKCB;IFNG;HLA-DPB1;TGFB3;MAP3K7;STAT1;IRAK4;TRAF6;FCGR3B;MAPK12;MAPK11;MAPK14;MYD88;HLA-DRB5;HLA-DMB;JAK1;TLR4;HLA-DRB3
40,prerank,Breast cancer,0.5131829676472275,1.5438304519895785,0.0,0.01383602897028755,0.412,46/112,19.23%,NOTCH2;DVL2;RAF1;MTOR;JUN;FGF9;HRAS;PIK3R3;WNT3;ESR1;IGF1R;RPS6KB1;EGFR;FOS;ERBB2;PIK3CD;WNT9A;PIK3CA;FZD9;CSNK1A1;BRAF;AXIN2;FZD4;SOS2;NCOA1;MYC;CDK6;AKT1;ARAF;MAP2K1;MAPK3;TP53;SOS1;RB1;PIK3CB;CSNK1A1L;NOTCH1;PIK3R1;PGR;DVL3;GRB2;BRCA1;TCF7L2;BAX;E2F1;BRCA2
41,prerank,Tryptophan metabolism,0.5563108171420205,1.542041803832901,0.0020181634712411706,0.013962417461262009,0.423,17/35,23.55%,ACAT2;ACAT1;GCDH;CAT;KYAT1;MAOB;DLD;EHHADH;ALDH9A1;ALDH2;CYP1A1;HADH;MAOA;HADHA;ACMSD;AOX1;ALDH7A1
42,prerank,Epstein-Barr virus infection,0.4959264963722118,1.539426852617335,0.0,0.014082927417772543,0.432,99/174,30.77%,HDAC1;JUN;NFKBIB;CD40;CCNE1;PIK3R3;FAS;FADD;MAP2K4;IKBKE;PSMD1;PIK3CD;NFKB1;PIK3CA;CD3G;JAK3;STAT3;IFNB1;CDKN1B;CCND2;PLCG2;IKBKG;BCL2;ENTPD3;MAPK9;TNFAIP3;B2M;APAF1;CD58;TYK2;SKP2;MYC;CDK6;PSMC5;AKT1;USP7;RELA;MAP2K3;PSMD4;CASP9;TP53;PSMD3;IFNA21;RB1;TAB2;RELB;RIPK1;MAPK13;PIK3CB;MAP3K14;CCND3;IFNAR1;IFNA4;STAT2;PIK3R1;IFNA10;HLA-DPB1;CASP3;MAP3K7;STAT1;IL6;IRAK4;TRAF6;HLA-A;BAX;E2F1;IFNA14;ITGAL;ICAM1;CCNA2;TAP2;TBK1;MAPK12;MAPK11;IFNA16;MAPK14;MYD88;HLA-DRB5;DDB2;CD19;HLA-DMB;IRF9;JAK1;HLA-DRB3;IKBKB;RBPJ;SYK;GADD45B;CYCS;NFKBIE;IFNA8;BID;HLA-DRA;IFNA2;MAPK8;CASP8;CCND1;PSMD2;NFKBIA
43,prerank,Glioma,0.5281151022346736,1.5358504033279716,0.0,0.014541458672752961,0.447,30/65,19.14%,RAF1;MTOR;HRAS;PIK3R3;PDGFRA;IGF1R;EGFR;CALM2;PIK3CD;PIK3CA;PRKCA;BRAF;CAMK1D;PLCG2;SOS2;CDK6;AKT1;ARAF;MAP2K1;MAPK3;TP53;SOS1;RB1;PIK3CB;PRKCB;PIK3R1;GRB2;BAX;CAMK2D;E2F1
44,prerank,FoxO signaling pathway,0.5050432462209123,1.5336128198548318,0.0,0.014778091333569414,0.459,59/119,23.83%,SGK3;SMAD2;RAF1;PLK3;PCK2;HRAS;FOXO4;PIK3R3;CAT;CREBBP;SMAD4;IGF1R;EGFR;FOXO1;PIK3CD;PIK3CA;TGFBR2;STAT3;TGFBR1;BRAF;CDKN1B;CCND2;FOXO3;CCNB2;SOS2;MAPK9;G6PC2;SKP2;AKT1;ARAF;USP7;IRS1;TGFB1;MAP2K1;MAPK3;PRKAA1;SOS1;IL7R;MAPK13;PIK3CB;CSNK1E;STK11;PIK3R1;TGFB3;PRKAG1;IL6;INSR;GRB2;BCL6;SOD2;PLK4;PRKAG2;IRS2;MAPK12;MAPK11;MAPK14;NLK;ATM;KRAS
45,prerank,Human T-cell leukemia virus 1 infection,0.4939998040610816,1.5331750168928089,0.0,0.014566349906359178,0.462,92/189,26.56%,SMAD2;KAT2A;FDPS;JUN;CREB3L2;CD40;CDC20;NFATC3;HRAS;CCNE1;TSPO;CREB3;SLC2A1;PIK3R3;CREBBP;SLC25A4;PPP3CA;SMAD4;FOS;MAP2K4;FOSL1;PIK3CD;NFKB1;PIK3CA;PRKACG;CD3G;POLB;TGFBR2;JAK3;TGFBR1;PRKACA;SRF;CCND2;IKBKG;CCNB2;ITGB2;MAPK9;B2M;PPP3CC;MYC;AKT1;RELA;BUB1B;TGFB1;ATF4;PPP3R2;ADCY6;MAP2K1;MAPK3;IL1R2;TP53;RB1;RELB;ADCY3;PIK3CB;MAP3K14;IL15;CCND3;ADCY9;PIK3R1;PRKACB;CREB3L4;HLA-DPB1;BUB3;TGFB3;LCK;IL6;HLA-A;BAX;E2F1;IL1R1;MMP7;ITGAL;ICAM1;NFYB;CCNA2;LTA;IL15RA;HLA-DRB5;IL2;MAP3K1;ATM;NFATC1;CREB1;KRAS;HLA-DMB;TNFRSF1A;KAT5;JAK1;IL2RB;HLA-DRB3;IKBKB
46,prerank,Hepatitis C,0.5042909936065737,1.5316700497392226,0.0,0.014749507017643744,0.473,69/124,30.77%,CFLAR;RAF1;HRAS;PIK3R3;BAD;EGFR;FAS;FADD;IKBKE;PPARA;PIK3CD;NFKB1;PIK3CA;STAT3;IFNB1;BRAF;EIF2AK1;IKBKG;SOS2;APAF1;TYK2;MYC;CDK6;AKT1;ARAF;RELA;MAP2K1;MAPK3;CASP9;TP53;SOS1;IFNA21;RB1;RIPK1;RNASEL;PIK3CB;IFNAR1;IFNA4;STAT2;PIK3R1;IFNA10;TICAM1;IFNG;CASP3;STAT1;TRAF6;GRB2;BAX;E2F1;IFNA14;CD81;TBK1;IFNA16;KRAS;IRF9;TNFRSF1A;JAK1;PPP2R2C;IKBKB;CYCS;CLDN1;IFNA8;BID;CTNNB1;IFNA2;NRAS;CASP8;CCND1;NFKBIA
47,prerank,Human immunodeficiency virus 1 infection,0.4955986793085155,1.5316079449780124,0.0,0.014463217228450747,0.474,94/175,31.06%,RAF1;MTOR;JUN;NFATC3;HRAS;PIK3R3;AP1B1;GNAI3;BAD;LIMK2;SKP1;PPP3CA;RPS6KB1;FAS;FOS;FADD;CALM2;PIK3CD;NFKB1;GNAI2;PIK3CA;CD3G;CRKL;PRKCA;IFNB1;GNGT2;CUL1;PLCG2;IKBKG;CCNB2;PAK1;BCL2;MAPK9;B2M;PPP3CC;AKT1;RELA;MAP2K3;PPP3R2;MAP2K1;MAPK3;CASP9;IFNA21;TAB2;RIPK1;MAPK13;PIK3CB;PRKCB;GNB5;IFNA4;PIK3R1;IFNA10;CASP3;MAP3K7;IRAK4;TRAF6;HLA-A;GNG12;BAX;IFNA14;ITPR3;WEE1;TAP2;TBK1;MAPK12;MAPK11;IFNA16;MAPK14;MYD88;ATM;NFATC1;KRAS;TNFRSF1A;APOBEC3D;TLR4;PTK2;GNAI1;IKBKB;ITPR1;CYCS;APOBEC3B;RPS6KB2;GNG7;APOBEC3H;IFNA8;BID;FBXW11;RNF7;IFNA2;MAPK8;NRAS;CASP8;NFKBIA;GNG5
48,prerank,Prolactin signaling pathway,0.5225724230213002,1.5293013839394947,0.003,0.014723256115263032,0.485,33/64,22.29%,RAF1;HRAS;SOCS2;SOCS4;PIK3R3;ESR1;FOS;PIK3CD;NFKB1;PIK3CA;STAT3;SOCS1;JAK2;CCND2;FOXO3;SOS2;MAPK9;AKT1;RELA;PRLR;MAP2K1;MAPK3;SOS1;MAPK13;PIK3CB;GCK;PIK3R1;CYP17A1;STAT1;GRB2;MAPK12;MAPK11;MAPK14
49,prerank,Th1 and Th2 cell differentiation,0.5117662260196331,1.5290050526208914,0.0,0.014428790992957772,0.485,48/87,30.77%,NOTCH2;IL4R;LAT;JUN;NFKBIB;NFATC3;PPP3CA;FOS;IFNGR1;NFKB1;CD3G;STAT6;JAK3;JAK2;GATA3;IKBKG;MAPK9;PPP3CC;TYK2;RELA;IL12B;PPP3R2;MAPK3;ZAP70;MAPK13;NOTCH1;IFNG;HLA-DPB1;LCK;STAT1;MAPK12;MAPK11;MAPK14;HLA-DRB5;IL2;NFATC1;MAML2;HLA-DMB;JAK1;IL2RB;HLA-DRB3;IKBKB;RBPJ;JAG1;NFKBIE;HLA-DRA;MAPK8;NFKBIA
50,prerank,Mismatch repair,0.6084976329614492,1.5289258275114197,0.017094017094017096,0.01414587352250762,0.485,7/16,24.32%,RPA2;RFC5;RPA1;RFC2;PMS2;PCNA;LIG1
51,prerank,Bladder cancer,0.5459571775812251,1.5257399812894836,0.006024096385542169,0.014552027873484218,0.498,16/39,14.76%,RAF1;HRAS;EGFR;ERBB2;DAPK3;BRAF;VEGFA;FGFR3;MYC;ARAF;MAP2K1;MAPK3;TP53;RB1;DAPK2;THBS1
52,prerank,NOD-like receptor signaling pathway,0.49749148873313387,1.5257211996342361,0.0,0.014277461309833572,0.498,81/142,32.21%,ANTXR2;NAMPT;JUN;NFKBIB;DNM1L;HSP90AB1;GBP2;TP53BP1;DEFB4A;FADD;CASP4;IKBKE;NFKB1;IFNB1;MEFV;CYBA;AIM2;IKBKG;BCL2;MAPK9;TNFAIP3;TXN;TYK2;SUGT1;RELA;MAPK3;IFNA21;TAB2;CASP5;RIPK1;RNASEL;MAPK13;CASR;ATG16L1;IFNAR1;IFNA4;STAT2;IFNA10;TICAM1;CAMP;MAP3K7;STAT1;IL6;IRAK4;TRAF6;TANK;PRKCD;HSP90AA1;IFNA14;CCL5;NLRP3;ITPR3;TBK1;MAPK12;MAPK11;IFNA16;MAPK14;MYD88;CXCL2;GBP1;NOD1;IRF9;NLRP7;GBP3;JAK1;TLR4;IKBKB;ITPR1;GPRC6A;RIPK2;IFNA8;GBP4;IFNA2;BIRC2;MAPK8;CASP8;NFKBIA;SHARPIN;CXCL1;GBP7;ATG5
53,prerank,Type II diabetes mellitus,0.5362730832077235,1.5229236656930336,0.006036217303822937,0.014572840065047615,0.516,17/41,18.03%,MTOR;SOCS2;SOCS4;PIK3R3;PIK3CD;PIK3CA;CACNA1C;SOCS1;MAPK9;IRS1;MAPK3;PRKCE;PIK3CB;GCK;PIK3R1;INSR;PRKCD
54,prerank,Viral myocarditis,0.5331108072741919,1.5211613392187209,0.002014098690835851,0.014765878034946629,0.524,27/45,31.48%,CXADR;CD40;ABL1;DMD;CD55;ITGB2;FYN;SGCB;CASP9;CAV1;HLA-DPB1;CASP3;HLA-A;ITGAL;ICAM1;HLA-DRB5;EIF4G1;HLA-DMB;DAG1;HLA-DRB3;CYCS;ACTG1;BID;HLA-DRA;CASP8;CCND1;ACTB
55,prerank,Fluid shear stress and atherosclerosis,0.4991076846450128,1.5177029698180986,0.0,0.015041985821668866,0.536,72/122,32.08%,MEF2C;KEAP1;JUN;EDN1;ITGB3;HSP90AB1;PIK3R3;FOS;MAP2K4;CALM2;PIK3CD;NFKB1;GSTM2;PIK3CA;PIAS4;CYBA;VEGFA;IKBKG;BCL2;MAPK9;MGST2;TXN;AKT1;HMOX1;RELA;GSTO1;PRKAA1;IL1R2;TP53;SQSTM1;CAV1;MAPK13;PIK3CB;CAV2;PIK3R1;PLAT;IFNG;NFE2L2;MAP3K7;TRPV4;CDH5;HSP90AA1;GSTM4;IL1R1;ICAM1;MAPK7;CAV3;MGST1;HSP90B1;MAPK12;MAPK11;MAPK14;NOX1;ACVR2B;MAP3K5;TNFRSF1A;ARHGEF2;PTK2;IKBKB;ASS1;ACTG1;MAP2K5;CTNNB1;THBD;MAPK8;NQO1;BMPR1B;ACTB;BMP4;GSTA2;GSTM1;ACVR2A
56,prerank,Thyroid hormone signaling pathway,0.5107143996179373,1.5172866374220793,0.0,0.014884154190030438,0.537,37/95,17.97%,HIF1A;NOTCH2;KAT2A;RAF1;HDAC1;MTOR;ITGB3;HRAS;SLC2A1;PIK3R3;BAD;CREBBP;ESR1;FOXO1;PIK3CD;PIK3CA;PRKACG;THRA;PRKCA;PRKACA;PLCG2;NCOA1;GATA4;MYC;AKT1;MAP2K1;ATP2A2;MAPK3;CASP9;TP53;PIK3CB;PRKCB;NOTCH1;PIK3R1;PRKACB;STAT1;ATP1A3
57,prerank,Influenza A,0.49538406197637685,1.5161988639379036,0.0,0.014853371579390888,0.542,82/145,31.88%,RAF1;FDPS;JUN;NFKBIB;TLR7;DNAJB1;PIK3R3;CREBBP;FAS;PRSS3;MAP2K4;IFNGR1;FURIN;IKBKE;PIK3CD;NFKB1;PIK3CA;PRKCA;IFNB1;JAK2;EIF2AK1;MAPK9;TYK2;AKT1;RELA;IL12B;MAP2K3;MAP2K1;MAPK3;CASP9;IFNA21;RAE1;RNASEL;MAPK13;PIK3CB;PRKCB;CIITA;IFNAR1;IFNA4;STAT2;PIK3R1;IFNA10;TICAM1;IFNG;HLA-DPB1;DDX39B;STAT1;IL6;IRAK4;IFNA14;CCL5;NLRP3;ICAM1;TBK1;MAPK12;MAPK11;IFNA16;MAPK14;PRSS1;MYD88;HLA-DRB5;ADAR;HSPA2;HLA-DMB;IRF9;TNFRSF1A;PRSS2;JAK1;TLR4;HLA-DRB3;IKBKB;CYCS;ACTG1;IFNA8;HLA-DRA;IFNA2;MAPK8;PLG;CPSF4;NFKBIA;ACTB;NXF1
58,prerank,Acute myeloid leukemia,0.5237912517492166,1.515676987879075,0.0,0.01475532077681507,0.545,29/65,18.67%,RAF1;MTOR;HRAS;PIK3R3;BAD;RUNX1T1;CEBPA;RPS6KB1;PIK3CD;NFKB1;PIK3CA;STAT3;BRAF;IKBKG;SOS2;MYC;AKT1;ARAF;RELA;MAP2K1;MAPK3;SOS1;EIF4EBP1;PIK3CB;FLT3;PIK3R1;CSF1R;GRB2;TCF7L2
59,prerank,Mitophagy,0.5384858320929732,1.5147503772309392,0.0030181086519114686,0.01469412490553777,0.549,27/43,30.37%,HIF1A;CSNK2B;JUN;HRAS;BNIP3L;FOXO3;OPTN;MAPK9;RELA;FIS1;ATF4;TP53;SQSTM1;BECN1;PRKN;CSNK2A2;E2F1;PINK1;TBK1;TBC1D15;KRAS;MITF;CALCOCO2;UBB;CSNK2A1;MAPK8;NRAS
60,prerank,Human papillomavirus infection,0.48710046615875846,1.5136569614270536,0.0,0.01465145344211185,0.551,119/232,31.00%,NOTCH2;DVL2;RAF1;HDAC1;MTOR;CREB3L2;ITGB3;HRAS;CCNE1;CREB3;PIK3R3;WNT3;LAMB3;BAD;CREBBP;RPS6KB1;EGFR;FAS;FADD;FOXO1;IKBKE;ATP6V1D;PIK3CD;NFKB1;WNT9A;PIK3CA;PRKACG;FZD9;CSNK1A1;IFNB1;CDKN1B;PRKACA;VEGFA;CCND2;AXIN2;IKBKG;FZD4;SOS2;LAMB1;TYK2;CDK6;AKT1;RELA;ITGA3;TADA3;PPP2R5B;MAP2K1;MAPK3;TP53;FN1;SOS1;IFNA21;RB1;EIF4EBP1;PSEN1;GNAS;ATP6V0B;BCAP31;THBS1;PIK3CB;CSNK1A1L;CCND3;NOTCH1;IFNAR1;IFNA4;STAT2;PIK3R1;PRKACB;IFNA10;TICAM1;CREB3L4;CASP3;STAT1;DVL3;PPP2R5A;GRB2;HLA-A;TCF7L2;BAX;E2F1;IFNA14;THBS3;ITGB7;PPP2R5E;TSC2;CCNA2;TBK1;IFNA16;ATP6V1A;RHEB;COL1A2;ATM;LAMA3;CREB1;KRAS;TCIRG1;MAML2;COL4A4;IRF9;TNFRSF1A;JAK1;PPP2R2C;PTK2;IKBKB;RBPJ;PPP2R3C;JAG1;RPS6KB2;WNT7A;IFNA8;COL4A5;AXIN1;COL4A2;CTNNB1;IFNA2;NRAS;CASP8;CCND1;IRF1
61,prerank,Propanoate metabolism,0.5658065742905848,1.5132470527914879,0.008171603677221655,0.014480145943779707,0.555,13/26,24.28%,ACAT2;ACAT1;PCCA;ALDH6A1;BCKDHA;DLD;EHHADH;ACACA;PCCB;HIBCH;HADHA;LDHC;SUCLG1
62,prerank,Insulin resistance,0.504492352860168,1.5125499208807212,0.0,0.014458219226782197,0.558,52/92,31.67%,AGT;MTOR;CREB3L2;PCK2;PTPA;CREB3;SLC2A1;PIK3R3;TRIB3;RPS6KA1;RPS6KB1;FOXO1;PPARA;PIK3CD;NFKB1;PIK3CA;PYGL;STAT3;MAPK9;G6PC2;AKT1;RELA;IRS1;PRKAA1;PRKCE;PIK3CB;PRKCB;PIK3R1;CREB3L4;PRKAG1;CPT1A;IL6;INSR;PRKCD;PRKAG2;IRS2;SLC27A3;CREB1;TNFRSF1A;RPS6KA6;PYGM;IKBKB;RPS6KB2;PTPN1;GFPT1;PPARGC1A;GYS1;MAPK8;PYGB;NFKBIA;RPS6KA3;PPP1CC
63,prerank,PI3K-Akt signaling pathway,0.48097318702094805,1.5000361889436837,0.0,0.01686150832910459,0.618,124/266,27.46%,NGFR;SGK3;EPHA2;IL4R;RAF1;MTOR;EIF4E;CREB3L2;LPAR2;FGF9;PCK2;ITGB3;HRAS;HSP90AB1;CCNE1;CREB3;PIK3R3;MET;LAMB3;BAD;PDGFRA;IGF1R;RPS6KB1;ERBB4;EGFR;ERBB2;PIK3CD;NFKB1;PIK3CA;JAK3;EIF4B;PRKCA;IFNB1;CDKN1B;GNGT2;JAK2;VEGFA;CCND2;IKBKG;FOXO3;SOS2;BCL2;G6PC2;FGFR3;LAMB1;ERBB3;DDIT4;MYC;CDK6;AKT1;RELA;ITGA3;IRS1;PRLR;PPP2R5B;ATF4;PKN3;MAP2K1;MAPK3;PRKAA1;CASP9;PIK3CG;TP53;FN1;SOS1;IL7R;IFNA21;EIF4EBP1;MYB;THBS1;PIK3CB;FLT3;VEGFB;STK11;GNB5;CCND3;IFNAR1;IFNA4;PIK3R1;IFNA10;CREB3L4;OSMR;CSF1R;PHLPP1;IL6;INSR;PPP2R5A;GRB2;HSP90AA1;BRCA1;GNG12;CHRM2;FGFR2;IFNA14;THBS3;ITGB7;PPP2R5E;RPTOR;HSP90B1;TSC2;IFNA16;NR4A1;RHEB;IL2;COL1A2;LAMA3;VEGFC;CD19;CREB1;KRAS;COL4A4;EPO;JAK1;PKN1;TLR4;PPP2R2C;PKN2;PTK2;IL2RB;IKBKB;SYK;PPP2R3C;F2R;RPS6KB2
64,prerank,Adherens junction,0.5147467697429338,1.499283434384731,0.0,0.016757115452715247,0.622,23/58,18.67%,CSNK2B;SMAD2;MET;PTPN6;CREBBP;SNAI1;SMAD4;IGF1R;ACTN4;EGFR;ERBB2;TGFBR2;TGFBR1;NECTIN4;FYN;MAPK3;SNAI2;CSNK2A2;MAP3K7;INSR;CTNND1;PTPRJ;TCF7L2
65,prerank,NF-kappa B signaling pathway,0.5012971059235087,1.4962668970023942,0.0,0.01719021781156938,0.637,43/86,27.24%,CSNK2B;CFLAR;LAT;CD40;PARP1;NFKB1;PIAS4;LTB;PLCG2;IKBKG;BCL2;TNFAIP3;RELA;TICAM2;TNFSF14;TAB2;RELB;RIPK1;ZAP70;CSNK2A2;MAP3K14;PRKCB;TICAM1;MAP3K7;LCK;IRAK4;TRAF6;BCL10;IL1R1;ICAM1;LTA;MYD88;CXCL2;ATM;TNFRSF1A;TLR4;CXCL12;PLAU;IKBKB;SYK;GADD45B;CCL4;CARD10
66,prerank,Melanoma,0.5211363527707876,1.4948043007668066,0.0020060180541624875,0.017384810293357776,0.644,23/52,19.14%,RAF1;FGF9;HRAS;PIK3R3;MET;BAD;PDGFRA;IGF1R;EGFR;PIK3CD;PIK3CA;BRAF;CDK6;AKT1;ARAF;MAP2K1;MAPK3;TP53;RB1;PIK3CB;PIK3R1;BAX;E2F1
67,prerank,Amoebiasis,0.5054438478227382,1.4939440240662685,0.0,0.01724769215802954,0.646,37/72,29.55%,PIK3R3;LAMB3;ACTN4;PIK3CD;NFKB1;PIK3CA;PRKACG;PRKCA;PRKACA;ITGB2;LAMB1;RELA;IL12B;TGFB1;IL1R2;FN1;GNAS;PIK3CB;PRKCB;PIK3R1;PRKACB;IFNG;CASP3;TGFB3;IL6;ARG2;IL1R1;COL1A2;RAB5A;LAMA3;GNA15;COL4A4;TLR4;PTK2;ARG1;COL4A5;COL4A2
68,prerank,JAK-STAT signaling pathway,0.48929332009412896,1.4916526876510778,0.0,0.017654854172218796,0.658,60/138,25.27%,IL4R;RAF1;MTOR;HRAS;SOCS2;SOCS4;PIK3R3;PTPN6;CREBBP;PDGFRA;EGFR;IFNGR1;PIK3CD;PIK3CA;PIAS4;STAT6;JAK3;STAT3;IFNB1;SOCS1;JAK2;CCND2;MPL;SOS2;BCL2;IL10RB;TYK2;MYC;AKT1;IL12B;PRLR;SOS1;IL7R;IFNA21;IL22;PIK3CB;IL15;CCND3;IFNAR1;IFNA4;STAT2;PIK3R1;IFNA10;IFNG;OSMR;FHL1;STAT1;IL6;GRB2;IFNA14;AOX1;IFNA16;IL15RA;IL2;PIM1;IRF9;IL11RA;EPO;JAK1;IL13RA2
69,prerank,Toxoplasmosis,0.4923803286635279,1.490968433023788,0.001,0.017589767152229048,0.664,57/99,30.77%,NFKBIB;CD40;LAMB3;GNAI3;BAD;IFNGR1;NFKB1;GNAI2;STAT3;SOCS1;JAK2;IKBKG;BCL2;IL10RB;MAPK9;LAMB1;TYK2;AKT1;RELA;IL12B;TGFB1;MAP2K3;MAPK3;CASP9;PIK3CG;TAB2;MAPK13;CIITA;IFNG;HLA-DPB1;CASP3;TGFB3;MAP3K7;STAT1;IRAK4;TRAF6;MAPK12;MAPK11;MAPK14;MYD88;HLA-DRB5;LAMA3;HSPA2;HLA-DMB;TNFRSF1A;JAK1;TLR4;HLA-DRB3;GNAI1;IKBKB;CYCS;ALOX5;HLA-DRA;BIRC2;MAPK8;CASP8;NFKBIA
70,prerank,Viral carcinogenesis,0.48722411678691413,1.4881148046414283,0.0,0.018009024874167338,0.679,80/141,34.84%,KAT2A;HDAC1;JUN;CREB3L2;CDC20;HRAS;CCNE1;CREB3;PIK3R3;BAD;GTF2A2;HDAC7;HDAC11;CREBBP;ACTN4;GTF2E2;PMAIP1;PIK3CD;NFKB1;PIK3CA;PRKACG;POLB;JAK3;STAT3;C3;CDKN1B;PRKACA;SRF;CCND2;IKBKG;MAPKAPK2;SKP2;CDK6;USP7;RELA;ATF4;MAPK3;TP53;RB1;HDAC8;PIK3CB;HIST2H2BE;HDAC6;CCND3;PIK3R1;PRKACB;CREB3L4;CASP3;DNAJA3;HDAC10;GRB2;HLA-A;BAX;HIST1H2BD;HDAC4;CCNA2;GTF2A1;CREB1;KRAS;HIST1H4E;IRF9;JAK1;HIST1H2BK;RBPJ;SYK;HDAC3;NRAS;CASP8;CCND1;NFKBIA;KAT2B;CDK4;CHD4;LYN;EGR2;TRAF3;CDK2;CCR4;CREB5;SNW1
71,prerank,Pyruvate metabolism,0.5392226796003007,1.4804306713433908,0.011133603238866396,0.0194802113033415,0.708,12/34,15.61%,ACAT2;ACAT1;HAGH;PCK2;ME1;PDHB;DLD;PDHA1;ACACA;FH;ALDH9A1;ALDH2
72,prerank,Apoptosis,0.4849592379582523,1.4796671589294554,0.0,0.019503215804172087,0.714,60/123,31.48%,NGFR;CFLAR;RAF1;JUN;CTSW;PARP1;CTSK;HRAS;TUBA1A;PIK3R3;ERN1;BAD;FAS;FOS;FADD;PMAIP1;PIK3CD;NFKB1;PIK3CA;CASP6;IKBKG;DDIT3;BCL2;MAPK9;APAF1;AKT1;RELA;ATF4;MAP2K1;MAPK3;CASP9;TP53;BECN1;RIPK1;PIK3CB;MAP3K14;PIK3R1;CASP3;CTSS;BAX;ITPR3;ATM;KRAS;MAP3K5;TNFRSF1A;PARP2;IKBKB;CASP10;GADD45B;ITPR1;CYCS;ACTG1;HRK;BID;BIRC2;MAPK8;NRAS;CASP8;NFKBIA;ACTB
73,prerank,T cell receptor signaling pathway,0.4928058763517391,1.4789791506695102,0.0,0.01930773972143866,0.715,44/98,23.83%,RAF1;LAT;JUN;NFKBIB;NFATC3;HRAS;PIK3R3;PTPN6;PPP3CA;CBLB;FOS;PIK3CD;NFKB1;PIK3CA;CD3G;LCP2;IKBKG;PAK1;SOS2;FYN;MAPK9;PPP3CC;AKT1;RELA;PPP3R2;MAP2K1;MAPK3;SOS1;ZAP70;MAPK13;PIK3CB;MAP3K14;PIK3R1;IFNG;MAP3K7;LCK;GRB2;BCL10;MAPK12;MAPK11;MAPK14;IL2;NFATC1;KRAS
74,prerank,Cellular senescence,0.48388686401682895,1.4761160425798914,0.0,0.01992355404334858,0.734,64/135,24.57%,SMAD2;RAF1;MTOR;NFATC3;HRAS;CCNE1;HIPK1;PIK3R3;SLC25A4;PPP3CA;FOXO1;CALM2;PIK3CD;NFKB1;PIK3CA;TGFBR2;TGFBR1;CCND2;KIR2DL4;FOXO3;CCNB2;MAPKAPK2;PPP3CC;GATA4;MYC;CDK6;AKT1;RBBP4;RELA;TGFB1;MAP2K3;PPP3R2;MAP2K1;MAPK3;TP53;MYBL2;RB1;SQSTM1;EIF4EBP1;MAPK13;PIK3CB;CCND3;PIK3R1;CDC25A;E2F4;TGFB3;IL6;TRPV4;HLA-A;ZFP36L1;E2F1;NBN;HUS1;TSC2;CCNA2;ITPR3;MAPK12;MAPK11;MAPK14;RHEB;ATM;NFATC1;KRAS;SERPINE1
75,prerank,Pathways in cancer,0.4671655849244804,1.4752665306288055,0.0,0.019847012015269207,0.736,227/446,34.00%,HIF1A;AGT;NOTCH2;SMAD2;IL4R;DVL2;RAF1;HDAC1;KEAP1;MTOR;JUN;EDN1;PPARG;LPAR2;FGF9;HRAS;HSP90AB1;CCNE1;TXNRD1;SLC2A1;PIK3R3;WNT3;PAX8;MET;LAMB3;GNAI3;BAD;RUNX1T1;CREBBP;CEBPA;SKP1;ESR1;PDGFRA;SMAD4;IGF1R;RPS6KB1;ROCK1;EGFR;FAS;MAX;ABL1;FOS;ERBB2;FADD;PMAIP1;FOXO1;CALM2;IFNGR1;PIK3CD;NFKB1;GNAI2;GSTM2;WNT9A;PIK3CA;PRKACG;STAT6;CRKL;FZD9;TGFBR2;DAPK3;EML4;JAK3;STAT3;PRKCA;TGFBR1;BRAF;CDKN1B;GNGT2;JAK2;PRKACA;VEGFA;TFG;CCND2;CUL1;AXIN2;PLCG2;IKBKG;FZD4;SOS2;BCL2;CUL2;MAPK9;MGST2;APAF1;NCOA1;FGFR3;LAMB1;SKP2;MYC;CDK6;AKT1;ALK;ARAF;HMOX1;RELA;ITGA3;IL12B;TGFB1;FH;ADCY6;GSTO1;MAP2K1;MAPK3;CASP9;TP53;FN1;SOS1;IL7R;IFNA21;RB1;ADCY3;DAPK2;BDKRB2;RARB;GNAS;PIK3CB;FLT3;VEGFB;IL15;PRKCB;GNB5;CCND3;NOTCH1;ADCY9;IFNAR1;IFNA4;STAT2;PIK3R1;PRKACB;IFNA10;IFNG;CASP3;NFE2L2;TGFB3;CSF1R;STAT1;IL6;DVL3;TRAF6;GRB2;HSP90AA1;TCF7L2;KNG1;GNG12;FGFR2;MECOM;BAX;CAMK2D;GSTM4;E2F1;BRCA2;IFNA14;ARHGEF11;RASGRP2;MGST1;HSP90B1;GNA13;PPARD;IFNA16;CAMK2G;IL15RA;IL2;LAMA3;DDB2;VEGFC;KRAS;RALB;COL4A4;PIM1;EPO;JAK1;MITF;CXCL12;PTK2;NKX3-1;IL2RB;GNAI1;IKBKB;EDNRA;GADD45B;CYCS;F2R;JAG1;RPS6KB2;TXNRD2;GNG7;RAD51;RALA;STK4;WNT7A;IFNA8;COL4A5;BID;AXIN1;CAMK2B;COL4A2;CTNNB1;IFNA2;BIRC2;MAPK8;CKS1B;NRAS;CASP8;PLD1;CCND1;NQO1;NFKBIA;GNG5;NCOA3;BMP4;GSTA2;ZBTB16;GSTM1;VHL;HES1;PGF;RUNX1;CDK4;TPR;CKS2;TRAF3;FLT4;GSTA5;CSF3R;CASP7;SPI1;CDK2
76,prerank,Cell cycle,0.49535930170511266,1.4751412095851104,0.0,0.019628515643761026,0.737,51/94,32.36%,SMAD2;HDAC1;CDC20;CCNE1;MCM2;CREBBP;SKP1;SMAD4;ABL1;TFDP2;PKMYT1;CDKN1B;CCND2;CUL1;CCNB2;SKP2;MYC;CDK6;CDC25B;BUB1B;TGFB1;CDKN1C;CDC7;TP53;RB1;SFN;CDK7;CCND3;CDC25A;E2F4;BUB3;CDC6;TGFB3;E2F1;PCNA;CCNH;CCNA2;WEE1;ATM;SMC1A;CDC45;BUB1;MCM3;GADD45B;PRKDC;PTTG1;CCND1;TTK;PLK1;CHEK2;CDK4
77,prerank,Proteoglycans in cancer,0.4813042373546383,1.4743380210636214,0.0,0.019622308335395054,0.741,70/164,23.02%,HIF1A;SMAD2;IHH;RAF1;MTOR;ITGB3;HRAS;PIK3R3;WNT3;MET;PTPN6;ESR1;CTTN;IGF1R;RPS6KB1;ROCK1;ERBB4;EGFR;FAS;ERBB2;PIK3CD;WNT9A;PIK3CA;PRKACG;FZD9;EIF4B;STAT3;PRKCA;BRAF;PRKACA;VEGFA;TWIST1;PLCG2;FZD4;PAK1;SOS2;DCN;TIAM1;ERBB3;MYC;AKT1;ARAF;IL12B;TGFB1;MAP2K1;TFAP4;MAPK3;FRS2;TP53;FN1;SOS1;CAV1;THBS1;MAPK13;PIK3CB;PRKCB;CAV2;PIK3R1;PRKACB;CASP3;GRB2;CAMK2D;SLC9A1;CAV3;ITPR3;MAPK12;MAPK11;MAPK14;CAMK2G;RDX
78,prerank,Tuberculosis,0.47824386782193057,1.473259666295654,0.0,0.019654521356470483,0.748,85/163,30.42%,RAF1;PLK3;PIK3C3;BAD;CREBBP;PPP3CA;IRAK2;FADD;CALM2;IFNGR1;LAMP1;NFKB1;C3;IFNB1;JAK2;ITGB2;BCL2;TLR9;IL10RB;MAPK9;APAF1;CEBPG;PPP3CC;AKT1;RELA;IL12B;TGFB1;PPP3R2;MAPK3;CASP9;IFNA21;FCGR2B;CR1;FCGR2A;ATP6V0B;MAPK13;CIITA;IFNA4;IFNA10;IFNG;CAMP;HLA-DPB1;CASP3;TGFB3;STAT1;IL6;IRAK4;TRAF6;CTSS;BCL10;BAX;CAMK2D;CLEC7A;IFNA14;FCGR3B;NFYB;MAPK12;MAPK11;CEBPB;IFNA16;MAPK14;MYD88;CAMK2G;HLA-DRB5;RAB5A;CREB1;TCIRG1;HLA-DMB;TNFRSF1A;JAK1;TLR4;HLA-DRB3;CASP10;SYK;CYCS;HSPA9;CORO1A;RIPK2;IFNA8;BID;CAMK2B;HLA-DRA;IFNA2;MAPK8;CASP8
79,prerank,Fc epsilon RI signaling pathway,0.5013645858924662,1.4706053462648563,0.001001001001001001,0.019912638407704467,0.758,33/59,30.37%,RAF1;LAT;HRAS;INPP5D;PIK3R3;MAP2K4;PIK3CD;PIK3CA;PRKCA;LCP2;PLCG2;SOS2;FYN;MAPK9;AKT1;MAP2K3;MAP2K1;MAPK3;SOS1;MAPK13;PIK3CB;JMJD7-PLA2G4B;PIK3R1;GRB2;MAPK12;MAPK11;MAPK14;KRAS;SYK;VAV1;ALOX5;MAPK8;NRAS
80,prerank,C-type lectin receptor signaling pathway,0.48721641345405803,1.4685480464586247,0.0,0.020201700610872664,0.771,55/99,31.00%,RAF1;JUN;PLK3;NFATC3;HRAS;PIK3R3;PPP3CA;CBLB;CLEC4D;CALM2;IKBKE;PIK3CD;NFKB1;CCL17;PIK3CA;PLCG2;IKBKG;PAK1;MAPKAPK2;MAPK9;PPP3CC;AKT1;RELA;IL12B;PPP3R2;MAPK3;RELB;MAPK13;PIK3CB;MAP3K14;STAT2;PIK3R1;STAT1;IL6;PRKCD;BCL10;CLEC7A;NLRP3;ITPR3;MAPK12;MAPK11;MAPK14;IL2;NFATC1;KRAS;IRF9;IKBKB;SYK;ITPR1;BCL3;MAPK8;NRAS;CASP8;NFKBIA;IRF1
81,prerank,Cytosolic DNA-sensing pathway,0.5068700309340071,1.4650633545953675,0.007,0.020901496694901527,0.786,28/53,30.77%,POLR3K;NFKBIB;IKBKE;NFKB1;POLR3C;IFNB1;AIM2;IKBKG;RELA;IFNA21;POLR3B;RIPK1;IFNA4;IFNA10;IL6;IFNA14;CCL5;POLR1C;TBK1;IFNA16;ADAR;POLR2H;IKBKB;CCL4;IFNA8;POLR2K;IFNA2;NFKBIA
82,prerank,GnRH signaling pathway,0.4933403093241753,1.4643922904513926,0.0,0.020807487852468217,0.788,44/79,30.47%,RAF1;JUN;HRAS;EGFR;MAP2K4;CALM2;GNRHR;PRKACG;CACNA1C;PRKCA;PRKACA;MAP3K4;SOS2;MAPK9;MAP2K3;ATF4;ADCY6;MAP2K1;MAPK3;SOS1;ADCY3;GNAS;MAPK13;PRKCB;JMJD7-PLA2G4B;ADCY9;PRKACB;PRKCD;GRB2;CAMK2D;MAPK7;ITPR3;MAPK12;MAPK11;MAPK14;CAMK2G;MAP3K1;KRAS;ITPR1;GNRH1;CAMK2B;MAPK8;NRAS;PLD1
83,prerank,RIG-I-like receptor signaling pathway,0.502401676874286,1.463480829556479,0.00501002004008016,0.020775693335829723,0.792,34/57,33.36%,NFKBIB;FADD;IKBKE;NFKB1;IFNB1;IKBKG;MAPK9;RELA;IL12B;IFNA21;RIPK1;MAPK13;IFNA4;IFNA10;MAP3K7;TRAF6;TANK;IFNA14;TBK1;MAPK12;MAPK11;IFNA16;MAPK14;MAP3K1;AZI2;IKBKB;CASP10;IFNA8;IFNA2;MAPK8;CASP8;NFKBIA;ATG5;TRAF3
84,prerank,Complement and coagulation cascades,0.4999964671597839,1.4598864504098903,0.0020060180541624875,0.02147960013082442,0.804,29/65,30.53%,F12;F11;C1QA;PROCR;CD55;C3;PROC;ITGB2;SERPINA5;F10;F7;VSIG4;CR1;BDKRB2;F3;SERPINA1;PLAT;FGG;CFB;C2;KNG1;CD59;SERPINE1;PLAU;F2R;PLAUR;C5;THBD;PLG
85,prerank,Histidine metabolism,0.578519893278017,1.4598666605216646,0.04079497907949791,0.021241553584377387,0.804,11/18,29.62%,CNDP2;MAOB;ALDH3A1;ALDH3B1;ASPA;ALDH9A1;ALDH2;MAOA;ALDH7A1;HAL;HNMT
86,prerank,Vibrio cholerae infection,0.5340947905396348,1.4553518176432427,0.014213197969543147,0.02223662645803548,0.815,19/30,31.60%,KDELR2;ATP6V1D;PRKACG;PRKCA;PRKACA;PLCG2;ADCY3;GNAS;ATP6V0B;ADCY9;PRKACB;ATP6V1A;ARF1;CFTR;TCIRG1;ACTG1;PDIA4;ACTB;SEC61A2
87,prerank,Small cell lung cancer,0.48936838460740556,1.4551237297185486,0.0,0.022029737390847792,0.815,46/79,34.00%,CCNE1;PIK3R3;LAMB3;MAX;PIK3CD;NFKB1;PIK3CA;CDKN1B;IKBKG;BCL2;APAF1;LAMB1;SKP2;MYC;CDK6;AKT1;RELA;ITGA3;CASP9;TP53;FN1;RB1;RARB;PIK3CB;PIK3R1;CASP3;TRAF6;BAX;E2F1;LAMA3;DDB2;COL4A4;PTK2;IKBKB;GADD45B;CYCS;COL4A5;COL4A2;BIRC2;CKS1B;CCND1;NFKBIA;CDK4;CKS2;TRAF3;CDK2
88,prerank,Thermogenesis,0.4773276676075816,1.451308969269089,0.0,0.02295962913009099,0.825,94/147,38.55%,SMARCD2;COX7B;MTOR;CREB3L2;ARID1A;PPARG;DPF1;NDUFB6;HRAS;CREB3;NDUFA7;NDUFA4L2;RPS6KA1;RPS6KB1;SMARCA4;SDHB;PRKACG;SMARCC1;PRKACA;SOS2;NDUFV1;PRKG2;UQCRC1;MAP2K3;ADCY6;SIRT6;PRKAA1;FRS2;NDUFB5;SOS1;NDUFAF4;ADCY3;GNAS;MAPK13;ACSL3;NDUFS1;ADCY9;PRKACB;NDUFB2;CREB3L4;PRKAG1;CPT1A;NDUFB8;MGLL;COX5B;GRB2;NDUFA8;KDM3A;RPTOR;SDHD;COX7A1;TSC2;PRKAG2;MAPK12;MAPK11;CYC1;MAPK14;NDUFAB1;RHEB;CREB1;KRAS;SDHC;MAP3K5;COX4I1;COX6C;RPS6KA6;ACTG1;RPS6KB2;SMARCB1;UQCRFS1;NDUFA4;NDUFA9;PPARGC1A;NDUFC2;NDUFB7;NRAS;NDUFA1;ACTB;RPS6KA3;CPT2;NDUFV2;PRKAB2;COX6B1;ADCY7;CREB5;UQCR11;NDUFS3;ADRB3;ACSL4;FGFR1;KDM1A;NDUFA5;NDUFS7;SMARCA2
89,prerank,mTOR signaling pathway,0.48216477884087805,1.4511569145992351,0.001,0.02272691318723175,0.825,53/112,28.72%,DVL2;RAF1;LAMTOR3;MTOR;EIF4E;HRAS;PIK3R3;WNT3;RPS6KA1;IGF1R;RPS6KB1;STRADB;ATP6V1D;PIK3CD;WNT9A;PIK3CA;FZD9;EIF4B;PRKCA;BRAF;NPRL2;FZD4;SOS2;DDIT4;SKP2;AKT1;IRS1;RICTOR;MAP2K1;MAPK3;PRKAA1;SOS1;EIF4EBP1;PIK3CB;STK11;PRKCB;PIK3R1;INSR;DVL3;GRB2;RPTOR;GRB10;TSC2;ATP6V1A;TTI1;RHEB;KRAS;TNFRSF1A;RPS6KA6;IKBKB;RPS6KB2;RRAGC;WNT7A
90,prerank,Glyoxylate and dicarboxylate metabolism,0.5441675208803778,1.4414324177102336,0.02125506072874494,0.025344943353551735,0.861,13/25,29.37%,ACAT2;ACAT1;CAT;PCCA;DLD;GLUL;PCCB;CS;GLDC;HAO1;SHMT2;MDH2;AMT
91,prerank,Glucagon signaling pathway,0.48283411338513543,1.440931618978822,0.002,0.025222784837853528,0.863,53/90,34.98%,CREB3L2;PPP4C;PCK2;CREB3;SLC2A1;CREBBP;PPP3CA;FOXO1;CALM2;PPARA;PRKACG;PFKFB1;PDHB;PHKA1;PYGL;PRKACA;PDHA1;SIK1;G6PC2;PPP3CC;AKT1;ACACA;ATF4;PPP3R2;PRKAA1;PHKG2;GNAS;GCK;PRKACB;CREB3L4;PDE3B;PRKAG1;CPT1A;CAMK2D;PFKL;PHKB;LDHC;ITPR3;PRKAG2;CAMK2G;CREB1;PYGM;ITPR1;CAMK2B;PPARGC1A;GYS1;LDHA;PYGB;PHKG1;PRKAB2;CREB5;CAMK2A;LDHB
92,prerank,Phenylalanine metabolism,0.5846580754037923,1.4408766606158492,0.0380952380952381,0.024951572097661554,0.863,9/15,21.88%,GOT1;MAOB;ALDH3A1;ALDH3B1;HPD;PAH;MAOA;GOT2;MIF
93,prerank,Wnt signaling pathway,0.47681585567115514,1.4401253837450514,0.0,0.024911231329218072,0.864,61/121,30.61%,CSNK2B;DVL2;CTNNBIP1;JUN;NFATC3;WNT3;CREBBP;SKP1;PPP3CA;SMAD4;FOSL1;WNT9A;PRKACG;FZD9;CSNK1A1;PRKCA;PRKACA;CCND2;CUL1;AXIN2;FZD4;MAPK9;PPP3CC;MYC;PPP3R2;TP53;CHD8;BAMBI;SFRP1;PSEN1;CSNK1E;CSNK2A2;CSNK1A1L;PRKCB;CCND3;PRKACB;MAP3K7;DVL3;VANGL2;TCF7L2;CAMK2D;MMP7;PPARD;LGR5;CAMK2G;NLK;DKK2;NFATC1;LGR4;ROR1;RUVBL1;PORCN;WNT7A;DKK1;AXIN1;CAMK2B;FBXW11;CTNNB1;CSNK2A1;MAPK8;CCND1
94,prerank,Necroptosis,0.47370146343197406,1.4365118063118583,0.0,0.025762667834382854,0.871,63/121,31.38%,CFLAR;PARP1;HIST1H2AL;DNM1L;HSP90AB1;PPIA;SLC25A4;FAS;FADD;IFNGR1;STAT6;JAK3;PYGL;STAT3;IFNB1;JAK2;GLUL;BCL2;MAPK9;TNFAIP3;CHMP2B;FTL;TYK2;TICAM2;IFNA21;SQSTM1;VPS4A;RIPK1;JMJD7-PLA2G4B;IFNAR1;IFNA4;STAT2;IFNA10;TICAM1;IFNG;STAT1;HSP90AA1;BAX;CAMK2D;IFNA14;NLRP3;CHMP6;IFNA16;CAMK2G;IRF9;TNFRSF1A;JAK1;TLR4;HIST1H2AG;PYGM;H2AFV;PARP2;IFNA8;BID;CAMK2B;IFNA2;BIRC2;MAPK8;CASP8;SMPD1;PYGB;CHMP4A;SHARPIN
95,prerank,Cocaine addiction,0.5018674223608146,1.4332205574443673,0.00501002004008016,0.02636545840193634,0.878,22/47,23.70%,GPSM1;JUN;CREB3L2;CREB3;GNAI3;NFKB1;GNAI2;PRKACG;PRKACA;MAOB;RELA;ATF4;DLG4;GNAS;PRKACB;CREB3L4;DRD2;MAOA;GRIN2A;GRM3;FOSB;CREB1
96,prerank,Inflammatory mediator regulation of TRP channels,0.47980622024630787,1.4277197220293762,0.001,0.028088068626503065,0.893,37/81,22.54%,PIK3R3;CALM2;PIK3CD;PIK3CA;PRKACG;PRKCA;PRKACA;PLCG2;TRPV3;MAPK9;MAP2K3;ADCY6;IL1RAP;P2RY2;PRKCE;ASIC2;ADCY3;BDKRB2;GNAS;MAPK13;PIK3CB;PRKCB;JMJD7-PLA2G4B;ADCY9;PIK3R1;PRKACB;TRPV4;PRKCD;HTR2C;KNG1;CAMK2D;IL1R1;ITPR3;MAPK12;MAPK11;MAPK14;CAMK2G
97,prerank,Estrogen signaling pathway,0.47579957745593016,1.4251803145912927,0.0,0.028593139145633023,0.902,44/98,23.86%,RAF1;JUN;CREB3L2;HRAS;HSP90AB1;CREB3;PIK3R3;GNAI3;ESR1;EGFR;FOS;CALM2;PIK3CD;GNAI2;PIK3CA;PRKACG;KRT26;PRKACA;SOS2;BCL2;NCOA1;AKT1;ATF4;ADCY6;MAP2K1;MAPK3;SOS1;ADCY3;GNAS;PIK3CB;ADCY9;PIK3R1;PRKACB;CREB3L4;PGR;PRKCD;GRB2;HSP90AA1;HSP90B1;ITPR3;FKBP4;CREB1;KRAS;HSPA2
98,prerank,AMPK signaling pathway,0.4738826669234357,1.420124071354639,0.001,0.03027880283565359,0.917,50/100,30.61%,MTOR;CREB3L2;PPARG;PCK2;CREB3;PIK3R3;IGF1R;RPS6KB1;STRADB;FOXO1;PIK3CD;PIK3CA;PFKFB1;FOXO3;G6PC2;AKT1;IRS1;ACACA;PPP2R5B;PRKAA1;EIF4EBP1;EEF2;EEF2K;PIK3CB;STK11;HMGCR;PIK3R1;CREB3L4;MAP3K7;PRKAG1;CPT1A;INSR;PPP2R5A;PFKL;PPP2R5E;RPTOR;TSC2;CCNA2;PRKAG2;IRS2;RHEB;CFTR;CREB1;PPP2R2C;PPP2R3C;RPS6KB2;PFKP;PPARGC1A;GYS1;CCND1
99,prerank,Melanogenesis,0.4824038890431564,1.4190518732778121,0.002,0.030379053661848943,0.918,38/79,30.37%,DVL2;RAF1;CREB3L2;EDN1;HRAS;CREB3;WNT3;GNAI3;CREBBP;CALM2;GNAI2;WNT9A;PRKACG;FZD9;PRKCA;PRKACA;FZD4;ADCY6;MAP2K1;MAPK3;ADCY3;GNAS;PRKCB;ADCY9;PRKACB;CREB3L4;DVL3;TCF7L2;CAMK2D;CAMK2G;CREB1;KRAS;MITF;GNAI1;WNT7A;CAMK2B;CTNNB1;NRAS
100,prerank,Focal adhesion,0.4646711452722619,1.4129247197142067,0.0,0.032352846666133396,0.928,65/128,31.92%,RAF1;JUN;ITGB3;PIP5K1C;HRAS;ILK;PIK3R3;MET;LAMB3;BAD;PDGFRA;IGF1R;ACTN4;ROCK1;EGFR;ERBB2;PIK3CD;PIK3CA;CRKL;PRKCA;BRAF;VEGFA;CCND2;PAK1;SOS2;BCL2;FYN;MAPK9;LAMB1;AKT1;ITGA3;MAP2K1;MAPK3;FN1;SOS1;CAV1;THBS1;PIK3CB;VEGFB;PRKCB;CCND3;CAV2;PIK3R1;MYLK3;GRB2;THBS3;ITGB7;CAV3;PARVG;COL1A2;LAMA3;VEGFC;COL4A4;PTK2;VAV1;ACTG1;COL4A5;COL4A2;CTNNB1;BIRC2;MAPK8;CCND1;ACTB;PPP1CC;PGF
101,prerank,Aminoacyl-tRNA biosynthesis,0.523218075702809,1.4119864207391777,0.031568228105906315,0.03244067643010826,0.93,14/27,25.03%,TARS;SEPSECS;IARS2;VARS;DARS;AARS;YARS;DARS2;YARS2;LARS2;QRSL1;WARS;CARS;QARS
102,prerank,Amyotrophic lateral sclerosis (ALS),0.4963418758434711,1.4089940541129218,0.018072289156626505,0.03316266303230382,0.939,23/43,29.08%,CAT;BAD;PPP3CA;BCL2;APAF1;PPP3CC;MAP2K3;PPP3R2;CASP9;TP53;SOD1;MAPK13;CASP3;GRIN2A;BAX;MAPK12;MAPK11;MAPK14;RAB5A;MAP3K5;TNFRSF1A;CYCS;BID
103,prerank,TGF-beta signaling pathway,0.4778726366505945,1.4083371157993856,0.006,0.03318288646250562,0.939,33/66,32.08%,SMAD2;ID3;CREBBP;SKP1;SMAD4;RPS6KB1;ROCK1;TGFBR2;TGFBR1;LEFTY1;CUL1;ID4;DCN;MYC;TGFB1;MAPK3;BAMBI;TGIF1;THBS1;IFNG;E2F4;TGFB3;ID2;ACVR1B;SMAD7;ACVR2B;RPS6KB2;INHBE;BMPR1B;BMP5;SMAD5;BMP4;ACVR2A
104,prerank,Sphingolipid signaling pathway,0.46575295986870285,1.4079123581806514,0.001,0.033020397583644376,0.94,52/101,30.56%,RAF1;HRAS;ASAH1;PIK3R3;GNAI3;SPTLC1;ROCK1;PIK3CD;NFKB1;GNAI2;PIK3CA;PRKCA;BCL2;FYN;CERS3;MAPK9;AKT1;RELA;PPP2R5B;MAP2K1;MAPK3;TP53;SPTLC3;PRKCE;BDKRB2;MAPK13;PIK3CB;PRKCB;PIK3R1;PPP2R5A;KNG1;BAX;PPP2R5E;S1PR3;GNA13;MAPK12;MAPK11;MAPK14;KRAS;MAP3K5;TNFRSF1A;S1PR1;SGPL1;PPP2R2C;GNAI1;SPTLC2;PPP2R3C;BID;MAPK8;NRAS;PLD1;SMPD1
105,prerank,Fc gamma R-mediated phagocytosis,0.4744058542393678,1.3992765161226057,0.007,0.036321025076480745,0.956,24/72,16.11%,RAF1;LAT;ARPC5;PIP5K1C;INPP5D;PIK3R3;ASAP2;LIMK2;RPS6KB1;PIK3CD;PIK3CA;CRKL;PRKCA;PLCG2;PAK1;AKT1;MAP2K1;MAPK3;PRKCE;FCGR2B;FCGR2A;PIK3CB;PRKCB;PIK3R1
106,prerank,Chemokine signaling pathway,0.4536737362036907,1.3946454470561014,0.0,0.03822277361276014,0.96,64/159,27.05%,RAF1;NFKBIB;HRAS;PIK3R3;GNAI3;BAD;CXCR1;ROCK1;PIK3CD;NFKB1;CCL17;GNAI2;PIK3CA;PRKACG;CRKL;JAK3;CCL18;STAT3;BRAF;GNGT2;JAK2;PRKACA;IKBKG;FOXO3;PAK1;SOS2;TIAM1;AKT1;RELA;ADCY6;MAP2K1;MAPK3;PIK3CG;SOS1;CCL24;ADCY3;PIK3CB;PRKCB;GNB5;ADCY9;STAT2;PIK3R1;PRKACB;CCL1;STAT1;CXCL11;PRKCD;GRB2;GNG12;ELMO1;CCL5;RASGRP2;CXCL2;CCR9;CXCL13;KRAS;FGR;CXCL12;PTK2;GRK6;GNAI1;IKBKB;VAV1;CCL4
107,prerank,Legionellosis,0.48736515407227327,1.3935770019731437,0.01407035175879397,0.03841930562603462,0.963,27/47,35.13%,RAB1B;NFKB1;CLK1;C3;SAR1A;ITGB2;APAF1;RELA;IL12B;CASP9;CR1;CASP3;IL6;MYD88;CXCL2;ARF1;HSPA2;TLR4;CYCS;CASP8;HSF1;NFKBIA;CXCL1;HSPD1;HSPA8;CASP7;PYCARD
108,prerank,Fanconi anemia pathway,0.5131252770484344,1.3931695850984867,0.033846153846153845,0.03829793519285535,0.964,11/26,22.06%,RPA2;ERCC1;RPA1;USP1;PMS2;FANCF;BRCA1;BRCA2;RMI2;FANCL;RAD51C
109,prerank,Rap1 signaling pathway,0.4543892146336599,1.3923256044438717,0.0,0.038398610870034905,0.965,63/154,27.45%,NGFR;EPHA2;RAF1;LAT;LPAR2;FGF9;ITGB3;HRAS;PIK3R3;MET;GNAI3;PDGFRA;IGF1R;EGFR;CALM2;ADORA2A;PIK3CD;GNAI2;PIK3CA;CRKL;PRKCA;LCP2;BRAF;VEGFA;PFN2;ITGB2;TIAM1;FGFR3;AKT1;MAP2K3;ADCY6;MAP2K1;MAPK3;ADCY3;GNAS;THBS1;MAPK13;PIK3CB;VEGFB;PRKCB;ADCY9;PIK3R1;CSF1R;DRD2;INSR;CTNND1;GRIN2A;FGFR2;ITGAL;RASGRP2;MAPK12;FYB1;MAPK11;MAPK14;VEGFC;SIPA1L2;KRAS;RALB;ADORA2B;FPR1;GNAI1;F2R;ACTG1
110,prerank,Non-alcoholic fatty liver disease (NAFLD),0.45750537255458457,1.3915938424591747,0.002,0.03835223334418352,0.966,62/125,30.42%,COX7B;JUN;NDUFB6;NDUFA7;PIK3R3;ERN1;NDUFA4L2;CEBPA;FAS;PPARA;SDHB;PIK3CD;NFKB1;PIK3CA;DDIT3;MAPK9;NDUFV1;AKT1;RELA;UQCRC1;IRS1;TGFB1;ATF4;PRKAA1;NDUFB5;MAP3K11;CYP2E1;PIK3CB;NDUFS1;PIK3R1;NDUFB2;CASP3;PRKAG1;IL6;INSR;NDUFB8;COX5B;NDUFA8;BAX;SDHD;COX7A1;ITCH;PRKAG2;IRS2;CYC1;NDUFAB1;SDHC;MAP3K5;COX4I1;TNFRSF1A;COX6C;IKBKB;XBP1;CYCS;UQCRFS1;NDUFA4;BID;NDUFA9;NDUFC2;NDUFB7;MAPK8;CASP8
111,prerank,Galactose metabolism,0.5237559586757462,1.3904365849040083,0.046890927624872576,0.03854958686952816,0.969,13/25,31.01%,GALE;G6PC2;UGP2;GAA;GCK;GLA;GANC;PFKL;LCT;GALT;PFKP;AKR1B1;HK1
112,prerank,Cholinergic synapse,0.4626904888660247,1.3891089855239003,0.003,0.038761280989758395,0.97,53/95,36.17%,CREB3L2;KCNQ5;HRAS;CREB3;PIK3R3;GNAI3;FOS;PIK3CD;GNAI2;PIK3CA;PRKACG;CACNA1C;PRKCA;GNGT2;JAK2;PRKACA;BCL2;FYN;AKT1;ATF4;ADCY6;MAP2K1;MAPK3;PIK3CG;ADCY3;PIK3CB;PRKCB;GNB5;ADCY9;PIK3R1;PRKACB;CREB3L4;GNG12;CHRM2;CAMK2D;ITPR3;CAMK2G;CREB1;KRAS;KCNQ4;GNAI1;CHRNA3;ITPR1;GNG7;CAMK2B;NRAS;GNG5;KCNJ4;ADCY7;CREB5;CAMK2A;GNA11;KCNQ2
113,prerank,Thyroid cancer,0.5049394819950878,1.384041683800432,0.019211324570273004,0.04099329402218597,0.978,18/34,32.71%,PPARG;HRAS;PAX8;BRAF;TFG;MYC;MAP2K1;MAPK3;TP53;TCF7L2;BAX;DDB2;KRAS;GADD45B;CTNNB1;NRAS;CCND1;TPR
114,prerank,p53 signaling pathway,0.47912957465313405,1.3819672614738965,0.009018036072144289,0.04175833001726788,0.98,34/56,34.00%,CCNE1;FAS;PMAIP1;CCND2;CCNB2;BCL2;APAF1;CDK6;RRM2;CASP9;TP53;RCHY1;SFN;THBS1;CCND3;CASP3;BAX;TSC2;ATM;DDB2;TP53I3;SERPINE1;MDM4;CCNG1;GADD45B;CYCS;SHISA5;BID;CASP8;CCND1;CHEK2;CDK4;PPM1D;CDK2
115,prerank,Proteasome,0.5198618471519526,1.3810987066314988,0.051934826883910386,0.041789222613128396,0.98,15/23,32.19%,PSMB8;PSME1;PSMD1;PSMB10;PSMC5;PSMD4;PSMD3;PSMB1;IFNG;PSMA5;PSMB5;PSMA3;PSMD2;PSMA1;PSMB2
116,prerank,RNA polymerase,0.5333617601897239,1.3782622336081112,0.0546218487394958,0.04281857232547035,0.983,9/19,29.84%,POLR3K;POLR3C;POLR2I;POLR2D;POLR3B;POLR1C;POLR2H;POLR2C;POLR2K
117,prerank,Staphylococcus aureus infection,0.4772558348529765,1.3775366920398084,0.013026052104208416,0.042737488708309845,0.983,28/52,38.89%,C1QA;DEFB4A;C3;ITGB2;FCGR2B;FCGR2A;FGG;CAMP;HLA-DPB1;CFB;C2;FPR3;FCGR3B;ITGAL;ICAM1;FCAR;HLA-DRB5;HLA-DMB;FPR1;HLA-DRB3;HLA-DRA;C5;PLG;C4A;HLA-DQB1;FPR2;HLA-DPA1;HLA-DOA
118,prerank,Alcoholism,0.45977730319658133,1.3746412150977079,0.002,0.043826241831105006,0.985,49/103,26.42%,RAF1;HDAC1;CREB3L2;HIST1H2AL;HRAS;CREB3;GNAI3;HDAC7;HDAC11;CALM2;ADORA2A;GNAI2;BRAF;GNGT2;PRKACA;MAOB;HAT1;SOS2;ARAF;ATF4;MAP2K1;MAPK3;SOS1;HDAC8;GNAS;CAMKK1;HIST2H2BE;GNB5;HDAC6;CREB3L4;HDAC10;DRD2;MAOA;GRB2;GRIN2A;GNG12;CRH;HIST1H2BD;HDAC4;FOSB;CREB1;KRAS;HIST1H4E;ADORA2B;HIST1H2AG;HIST1H2BK;H2AFV;SLC29A1;GNAI1
119,prerank,beta-Alanine metabolism,0.5114726755900451,1.3738734878727978,0.044715447154471545,0.0438472687181247,0.986,13/27,23.55%,DPYD;CNDP2;ALDH6A1;ALDH3A1;EHHADH;ALDH3B1;SMOX;ALDH9A1;ALDH2;UPB1;HIBCH;HADHA;ALDH7A1
120,prerank,Protein processing in endoplasmic reticulum,0.46040474853253843,1.3719628623419018,0.01,0.04450081898192802,0.987,39/82,31.61%,GANAB;DNAJB1;STUB1;HSP90AB1;ERN1;ATF6;SKP1;HERPUD1;SAR1A;P4HB;CUL1;EIF2AK1;DDIT3;BCL2;DNAJB2;MAPK9;ATF4;RPN2;PRKN;EDEM1;BCAP31;NFE2L2;NSFL1C;HSP90AA1;BAX;PPP1R15A;HSP90B1;UBE2J1;BAG1;HSPA2;MAP3K5;XBP1;MBTPS1;SEC24C;DNAJC5B;PDIA4;MAPK8;SEC61A2;RAD23B
121,prerank,Alzheimer disease,0.45085811569317885,1.3711812780952577,0.0,0.0445820437883426,0.987,59/124,30.42%,ADAM10;COX7B;HSD17B10;NDUFB6;NDUFA7;ERN1;APOE;BAD;ATF6;NDUFA4L2;PPP3CA;FAS;FADD;CALM2;SDHB;BACE2;CACNA1C;IDE;APAF1;NDUFV1;PPP3CC;UQCRC1;PPP3R2;ATP2A2;MAPK3;CASP9;NDUFB5;PSEN1;NDUFS1;BACE1;NDUFB2;APP;CASP3;NDUFB8;COX5B;LPL;NDUFA8;GRIN2A;GAPDH;SDHD;COX7A1;ITPR3;CYC1;NDUFAB1;SDHC;COX4I1;TNFRSF1A;COX6C;ATP2A1;ITPR1;CYCS;ADAM17;UQCRFS1;NDUFA4;BID;NDUFA9;NDUFC2;NDUFB7;CASP8
122,prerank,Choline metabolism in cancer,0.463680595070499,1.3706992397224396,0.004,0.044481727240178445,0.987,26/78,16.11%,HIF1A;RAF1;MTOR;JUN;PIP5K1C;HRAS;PIK3R3;PDGFRA;RPS6KB1;EGFR;FOS;PIK3CD;PIK3CA;PRKCA;SOS2;MAPK9;DGKG;AKT1;MAP2K1;MAPK3;SOS1;EIF4EBP1;PIK3CB;PRKCB;JMJD7-PLA2G4B;PIK3R1
123,prerank,Inositol phosphate metabolism,0.47847199367776583,1.3659125852603176,0.016080402010050253,0.046926398891878676,0.99,33/49,41.74%,PIK3C3;PIP5K1C;INPP5D;ALDH6A1;PIK3CD;PIK3CA;ITPK1;PIK3C2A;PLCG2;IPMK;PIK3CG;PI4K2B;PIK3CB;PIK3C2B;IPPK;PI4KA;INPP1;CDIPT;MTMR3;ITPKB;PI4K2A;PIK3C2G;ITPKA;PI4KB;PIP5K1A;INPP4A;TPI1;INPP5A;INPPL1;PIP4K2B;INPP5F;PIP5K1B;ITPKC
124,prerank,IL-17 signaling pathway,0.46043836044853326,1.3647306975322657,0.011011011011011011,0.04720391064511772,0.99,36/85,23.27%,JUN;HSP90AB1;DEFB4A;FOS;FADD;IKBKE;FOSL1;NFKB1;CCL17;LCN2;IKBKG;MAPK9;TNFAIP3;RELA;MMP13;MAPK3;TAB2;MAPK13;S100A9;IFNG;CASP3;MAP3K7;IL6;TRAF6;HSP90AA1;MAPK7;MAPK6;HSP90B1;TBK1;MAPK12;MAPK11;CEBPB;MAPK14;FOSB;CXCL2;MAPK15
125,prerank,Malaria,0.47988885661004693,1.3568080402098275,0.03733602421796166,0.05156338361409934,0.994,18/42,25.26%,CD40;MET;ITGB2;TLR9;TGFB1;GYPA;CR1;THBS1;IFNG;TGFB3;IL6;CD81;THBS3;ITGAL;ICAM1;MYD88;ACKR1;TLR4
126,prerank,Shigellosis,0.4708821744514256,1.3513700217912337,0.018072289156626505,0.05429917166443221,0.995,28/48,32.21%,NFKBIB;ARPC5;CTTN;ROCK1;ABL1;NFKB1;CRKL;U2AF1;IKBKG;PFN2;MAPK9;RELA;MAPK3;MAPK13;ELMO1;MAPK12;MAPK11;MAPK14;NOD1;IKBKB;ACTG1;ARPC1B;RIPK2;FBXW11;MAPK8;NFKBIA;ACTB;ATG5
127,prerank,Ovarian steroidogenesis,0.4839416019571649,1.3509014079022306,0.04573170731707317,0.05415834608041063,0.995,27/35,45.51%,HSD3B1;IGF1R;PRKACG;PRKACA;CYP19A1;ADCY6;ADCY3;GNAS;JMJD7-PLA2G4B;CYP1A1;ADCY9;PRKACB;CYP17A1;INSR;AKR1C3;ALOX5;LHCGR;FSHR;ADCY7;IGF1;CYP1B1;HSD17B7;PTGS2;INS;HSD17B2;ADCY5;LDLR
128,prerank,Parkinson disease,0.452405727410088,1.348972922786746,0.003,0.05485546270383614,0.996,57/94,38.49%,COX7B;UBE2L6;NDUFB6;NDUFA7;GNAI3;NDUFA4L2;SLC25A4;ADORA2A;SDHB;GNAI2;PRKACG;PRKACA;APAF1;NDUFV1;UQCRC1;CASP9;NDUFB5;PRKN;NDUFS1;PRKACB;NDUFB2;CASP3;DRD2;NDUFB8;COX5B;NDUFA8;UBE2L3;PINK1;SDHD;COX7A1;GPR37;UBE2J1;CYC1;NDUFAB1;UCHL1;SDHC;COX4I1;COX6C;GNAI1;UBB;CYCS;UQCRFS1;NDUFA4;NDUFA9;NDUFC2;NDUFB7;NDUFA1;NDUFV2;SLC18A2;COX6B1;DRD1;UQCR11;NDUFS3;SLC25A5;TH;NDUFA5;NDUFS7
129,prerank,Lysine degradation,0.47378078158789066,1.3472079272892286,0.020080321285140562,0.05551860221452327,0.997,15/46,17.31%,PLOD3;ACAT2;ACAT1;GCDH;EZH1;EZH2;DLD;EHHADH;DOT1L;NSD1;ALDH9A1;PLOD1;ALDH2;PRDM7;HADH
130,prerank,Pertussis,0.45597350975040407,1.340073733813819,0.023,0.06000971647354713,0.997,29/66,26.42%,JUN;C1QA;GNAI3;FOS;CALM2;NFKB1;GNAI2;C3;ITGB2;MAPK9;RELA;IL12B;TICAM2;MAPK3;MAPK13;TICAM1;CASP3;IL6;IRAK4;TRAF6;C2;NLRP3;MAPK12;MAPK11;MAPK14;MYD88;NOD1;TLR4;GNAI1
131,prerank,Starch and sucrose metabolism,0.49602381727541234,1.3397622548948311,0.061224489795918366,0.059715396953777644,0.997,12/27,31.01%,PYGL;PGM2L1;AGL;G6PC2;UGP2;GAA;GCK;GANC;PYGM;GYS1;PYGB;HK1
132,prerank,Endocrine and other factor-regulated calcium reabsorption,0.4810101982252905,1.3384892378205169,0.044310171198388724,0.06009976002180767,0.997,14/36,17.97%,ESR1;SLC8A1;PRKACG;PRKCA;PRKACA;ADCY6;BDKRB2;ATP2B1;GNAS;PRKCB;ADCY9;PRKACB;CLTB;ATP1A3
133,prerank,Nucleotide excision repair,0.4743555259927976,1.3355039696826043,0.05241935483870968,0.06162885171468873,0.997,17/35,31.61%,RPA2;ERCC1;RFC5;ERCC3;RPA1;ERCC5;RFC2;XPC;CDK7;POLE3;PCNA;CCNH;DDB2;LIG1;POLE2;MNAT1;RAD23B
134,prerank,Lysosome,0.44921554134547603,1.3345502873086157,0.024024024024024024,0.061859000491223885,0.997,28/73,24.03%,HYAL1;CTSW;CTSK;ASAH1;LGMN;GM2A;AP1B1;NPC1;LAMP1;CTNS;LIPA;SLC11A2;MAN2B1;GAA;CTSA;ATP6V0B;CLTB;CTSS;GLA;GBA;ACP5;HEXA;GNPTAB;PPT1;CLTA;SCARB2;CD68;TCIRG1
135,prerank,Inflammatory bowel disease (IBD),0.45632076216021566,1.3340861771307513,0.023,0.061744959813152145,0.998,25/64,26.40%,SMAD2;IL4R;JUN;IFNGR1;NFKB1;STAT6;FOXP3;STAT3;RORA;GATA3;RELA;IL12B;TGFB1;IL22;IFNG;HLA-DPB1;TGFB3;STAT1;IL6;HLA-DRB5;IL2;NFATC1;HLA-DMB;TLR4;HLA-DRB3
136,prerank,Dilated cardiomyopathy (DCM),0.4581315941106128,1.333187489438285,0.02702702702702703,0.0619267729074259,0.998,25/63,20.45%,AGT;ITGB3;DMD;SLC8A1;PRKACG;CACNA1C;PRKACA;CACNG1;CACNB4;CACNG3;SGCB;ITGA3;TGFB1;ADCY6;ATP2A2;TPM1;ADCY3;GNAS;TPM2;ADCY9;PRKACB;TGFB3;EMD;ITGB7;TPM4
137,prerank,Hypertrophic cardiomyopathy (HCM),0.4562745013565583,1.3328439708343036,0.031,0.06168976960342291,0.998,37/61,40.25%,AGT;EDN1;ITGB3;DMD;SLC8A1;CACNA1C;CACNG1;CACNB4;CACNG3;SGCB;ITGA3;TGFB1;ATP2A2;PRKAA1;TPM1;TPM2;TGFB3;PRKAG1;IL6;EMD;ITGB7;TPM4;PRKAG2;RYR2;DAG1;ACTG1;ACE;CACNG2;ACTB;TNNC1;PRKAB2;ITGB8;IGF1;CACNB2;CACNA1D;ITGA6;TNNI3
138,prerank,Fatty acid degradation,0.47958047054514696,1.328525135459027,0.06471183013144591,0.06440647882542393,0.998,15/34,23.55%,ACAT2;ACAT1;GCDH;EHHADH;ADH5;ACOX1;ALDH9A1;ACSL3;ALDH2;HADH;CPT1A;HADHB;HADHA;ACAA1;ALDH7A1
139,prerank,Cardiac muscle contraction,0.46849040837058303,1.3283409150856795,0.03811434302908726,0.06409757211855642,0.998,29/46,40.25%,COX7B;SLC8A1;CACNA1C;CACNG1;CACNB4;CACNG3;UQCRC1;ATP2A2;TPM1;TPM2;COX5B;ATP1A3;TPM4;COX7A1;SLC9A1;CYC1;RYR2;COX4I1;COX6C;UQCRFS1;CACNG2;TNNC1;COX6B1;UQCR11;ATP1A1;CACNB2;CACNA1D;ATP1B1;TNNI3
140,prerank,Aldosterone-regulated sodium reabsorption,0.4868729887487583,1.328217484014301,0.057459677419354836,0.06370729411932849,0.998,13/32,17.97%,PIK3R3;PIK3CD;PIK3CA;PRKCA;IRS1;MAPK3;SFN;PIK3CB;PRKCB;PIK3R1;SCNN1G;INSR;ATP1A3
141,prerank,Axon guidance,0.43575944055295207,1.3279908760953512,0.003,0.0634076620471077,0.998,53/129,31.10%,EPHA2;RAF1;EPHB2;L1CAM;NFATC3;HRAS;ILK;PLXNA1;PIK3R3;MET;GNAI3;LIMK2;PPP3CA;RHOD;ROCK1;RGS3;ABL1;PIK3CD;GNAI2;PIK3CA;PRKCA;EPHB4;PLCG2;EFNB3;PAK1;FYN;PPP3CC;SEMA3E;PPP3R2;MAPK3;PIK3CB;PDK1;PIK3R1;EPHB1;ROBO1;EPHB6;CAMK2D;TRPC4;CAMK2G;KRAS;EPHB3;RASA1;CXCL12;NCK1;PTK2;GNAI1;PLXNB1;ROBO3;PLXNA3;CAMK2B;NRAS;LRRC4;BMPR1B
142,prerank,Serotonergic synapse,0.441998472028753,1.3233084786769271,0.022,0.06621251951440803,0.998,30/89,18.82%,RAF1;ALOX15B;HRAS;HTR3A;GNAI3;SLC6A4;GNAI2;PRKACG;CACNA1C;PRKCA;BRAF;GNGT2;PRKACA;MAOB;KCND2;ARAF;MAP2K1;MAPK3;GNAS;PRKCB;GNB5;JMJD7-PLA2G4B;PRKACB;APP;KCNN2;CASP3;HTR1E;MAOA;HTR2C;GNG12
143,prerank,Signaling pathways regulating pluripotency of stem cells,0.43739229883769876,1.3224992701954883,0.007007007007007007,0.06634047534733505,0.998,55/114,33.14%,SMAD2;DVL2;RAF1;ID3;HRAS;PIK3R3;WNT3;SMAD4;IGF1R;PIK3CD;WNT9A;PIK3CA;FZD9;JAK3;STAT3;JAK2;AXIN2;BMI1;ID4;FZD4;FGFR3;MYC;AKT1;MAP2K1;MAPK3;MAPK13;PIK3CB;REST;PCGF2;PIK3R1;ESRRB;ID2;DVL3;GRB2;FGFR2;POU5F1;MAPK12;MAPK11;MAPK14;ACVR1B;KRAS;ACVR2B;JAK1;WNT7A;AXIN1;CTNNB1;INHBE;NEUROG1;NRAS;BMPR1B;SMAD5;BMP4;ACVR2A;TBX3;TCF3
144,prerank,Apelin signaling pathway,0.43750127641799236,1.3209268493592639,0.011,0.06694614353022307,0.998,52/105,31.06%,MEF2C;SMAD2;RAF1;MTOR;PIK3C3;HRAS;GNAI3;SMAD4;RPS6KB1;SLC8A1;CALM2;GNAI2;PRKACG;TGFBR1;GNGT2;PRKACA;AKT1;ADCY6;MAP2K1;MAPK3;PRKAA1;PIK3CG;PIK3R4;PRKCE;BECN1;ADCY3;GNB5;ADCY9;PRKACB;PLAT;MYLK3;PDE3B;PRKAG1;GNG12;MEF2D;SLC9A1;HDAC4;ITPR3;GNA13;PRKAG2;RYR2;KRAS;SERPINE1;GNAI1;ITPR1;JAG1;RPS6KB2;GNG7;PPARGC1A;NRAS;CCND1;GNG5
145,prerank,Oxytocin signaling pathway,0.43448798157828933,1.3196836962388558,0.006,0.06736407978220939,0.999,65/123,35.27%,MEF2C;RAF1;JUN;NFATC3;HRAS;GNAI3;PPP3CA;ROCK1;EGFR;FOS;CALM2;GNAI2;PRKACG;CACNA1C;PRKCA;PRKACA;CAMK1D;CACNG1;CACNB4;CACNG3;PPP3CC;PPP3R2;ADCY6;MAP2K1;MAPK3;PRKAA1;PIK3CG;EEF2;ADCY3;GNAS;EEF2K;PRKCB;JMJD7-PLA2G4B;ADCY9;PRKACB;MYLK3;PRKAG1;CAMK2D;MAPK7;ITPR3;PRKAG2;CAMK2G;RYR2;NFATC1;KRAS;MYL6;GNAI1;ITPR1;ACTG1;CAMK2B;MAP2K5;NRAS;CCND1;CACNG2;ACTB;PPP1CC;MYLK4;NFATC4;KCNJ4;PRKAB2;CAMK1G;ADCY7;GUCY1A2;CAMK2A;MYLK2
146,prerank,Ras signaling pathway,0.4288023607635121,1.319450671720262,0.002,0.06709088959785595,0.999,75/169,32.03%,NGFR;EPHA2;RAF1;LAT;FGF9;HRAS;FOXO4;PIK3R3;MET;BAD;PDGFRA;IGF1R;EGFR;ABL1;CALM2;PIK3CD;NFKB1;PIK3CA;PRKACG;PRKCA;GNGT2;PRKACA;VEGFA;PLCG2;IKBKG;PAK1;SOS2;MAPK9;TIAM1;FGFR3;AKT1;RELA;MAP2K1;MAPK3;SOS1;ZAP70;PIK3CB;FLT3;VEGFB;PRKCB;GNB5;JMJD7-PLA2G4B;PIK3R1;PRKACB;CSF1R;INSR;GRB2;GRIN2A;RASAL3;GNG12;FGFR2;PLA2G12B;RASGRP2;TBK1;PLA2G12A;PLA2G2E;RAB5A;VEGFC;KRAS;RALB;NF1;KSR2;RASA1;IKBKB;GNG7;RALA;STK4;MAPK8;NRAS;PLD1;GNG5;RGL1;EXOC2;PGF;PLA2G2D
147,prerank,RNA degradation,0.46875974557768585,1.3139178623322565,0.0696969696969697,0.0706271127892118,1.0,18/36,32.88%,LSM2;BTG2;PAN2;WDR61;CNOT4;LSM6;LSM7;PATL1;PFKL;LSM5;EXOSC10;BTG1;HSPA9;BTG3;PFKP;CNOT8;PARN;HSPD1
148,prerank,Long-term depression,0.4633161072447625,1.3136074028570333,0.04012036108324975,0.07043036359325448,1.0,26/46,36.68%,RAF1;HRAS;GNAI3;IGF1R;GNAI2;PRKCA;BRAF;PRKG2;ARAF;MAP2K1;MAPK3;GNAS;PRKCB;JMJD7-PLA2G4B;CRH;ITPR3;GNA13;KRAS;GNAI1;ITPR1;NRAS;LYN;GUCY1A2;GRIA1;GNA11;IGF1
149,prerank,Cysteine and methionine metabolism,0.46385865356478717,1.311316500110631,0.0572289156626506,0.0717274814817519,1.0,26/40,45.09%,ENOPH1;GOT1;KYAT1;DNMT3A;CDO1;GCLC;BHMT2;CBS;MAT2B;GOT2;LDHC;GSS;AHCY;MTR;MDH2;LDHA;SMS;MAT1A;LDHB;MAT2A;SRM;BHMT;IL4I1;DNMT1;SDS;MDH1
150,prerank,Amphetamine addiction,0.45086701941225404,1.3107086575888935,0.025050100200400802,0.07175292720192891,1.0,37/61,38.97%,HDAC1;JUN;CREB3L2;CREB3;PPP3CA;FOS;CALM2;PRKACG;CACNA1C;PRKCA;PRKACA;MAOB;PPP3CC;ATF4;PPP3R2;GNAS;PRKCB;PRKACB;CREB3L4;MAOA;GRIN2A;CAMK2D;CAMK2G;FOSB;CREB1;ARC;CAMK2B;PPP1CC;SLC18A2;DRD1;CREB5;CAMK2A;GRIA1;DDC;PPP1CA;TH;CACNA1D
151,prerank,Adrenergic signaling in cardiomyocytes,0.435456505429491,1.310130245561257,0.009,0.07167860418206612,1.0,81/111,47.64%,AGT;CREB3L2;CREB3;GNAI3;SLC8A1;CALM2;GNAI2;PRKACG;CACNA1C;PRKCA;PRKACA;CACNG1;CACNB4;BCL2;CACNG3;AKT1;PPP2R5B;ATF4;ADCY6;ATP2A2;MAPK3;PIK3CG;TPM1;ADCY3;ATP2B1;GNAS;MAPK13;SCN4B;TPM2;ADCY9;PRKACB;CREB3L4;ATP1A3;PPP2R5A;CAMK2D;AGTR2;PPP2R5E;TPM4;SLC9A1;MAPK12;MAPK11;MAPK14;CAMK2G;RYR2;CREB1;ADRB2;PPP2R2C;GNAI1;PPP2R3C;CAMK2B;CACNG2;PPP1CC;TNNC1;ADCY7;CREM;CREB5;CAMK2A;ATP1A1;ADRB1;RPS6KA5;CACNB2;PPP1CA;PPP2R2A;CACNA1D;ATP1B1;TNNI3;PPP2R3A;KCNQ1;MAPK1;AKT3;PIK3R6;ADCY5;CALM3;CALM1;PPP2R2D;PLCB3;CACNA2D2;PPP2R1A;FXYD2;ADRA1D;ATF2
152,prerank,Platelet activation,0.4339387319649726,1.3067807981724935,0.014,0.07401558310961971,1.0,53/98,35.27%,ITGB3;PIK3R3;GNAI3;ROCK1;PIK3CD;GNAI2;PIK3CA;PRKACG;LCP2;PRKACA;PLCG2;FYN;AKT1;PRKG2;ADCY6;MAPK3;PIK3CG;ADCY3;FCGR2A;GNAS;MAPK13;PIK3CB;PTGIR;JMJD7-PLA2G4B;ADCY9;PIK3R1;PRKACB;FGG;MYLK3;RASGRP2;TBXA2R;ITPR3;GNA13;MAPK12;MAPK11;MAPK14;COL1A2;ORAI1;GNAI1;P2RY12;SYK;ITPR1;F2R;ACTG1;ACTB;PPP1CC;LYN;MYLK4;APBB1IP;ADCY7;GUCY1A2;GP5;MYLK2
153,prerank,Amino sugar and nucleotide sugar metabolism,0.4683417496310587,1.3062039294558663,0.0708502024291498,0.07399296113843114,1.0,17/36,31.01%,TSTA3;NAGK;GALE;GMDS;CHIA;UGP2;CHIT1;RENBP;UGDH;GCK;GNPDA1;FUK;HEXA;GALT;GFPT1;GNE;HK1
154,prerank,Long-term potentiation,0.451923324423643,1.3056348737288965,0.033,0.07400313419707662,1.0,30/59,31.67%,RAF1;HRAS;CREBBP;PPP3CA;RPS6KA1;CALM2;PRKACG;CACNA1C;PRKCA;BRAF;PRKACA;PPP3CC;ARAF;ATF4;PPP3R2;MAP2K1;MAPK3;PRKCB;PRKACB;GRIN2A;CAMK2D;ITPR3;CAMK2G;KRAS;RPS6KA6;ITPR1;CAMK2B;NRAS;RPS6KA3;PPP1CC
155,prerank,Transcriptional misregulation in cancer,0.43051870795129654,1.3040037495880408,0.011,0.0748593000682122,1.0,71/138,36.76%,NGFR;MEF2C;HDAC1;FUS;PPARG;CD40;CDK9;PAX8;MET;ETV6;RUNX1T1;CEBPA;SSX2;IGF1R;AFF1;MAX;ATF1;FOXO1;NFKB1;ETV1;TGFBR2;CDKN1B;CCND2;BMI1;DDIT3;MYC;DOT1L;RELA;IL1R2;EYA1;TP53;FUT8;SSX1;FLT3;KLF3;PLAT;CSF1R;IL6;ID2;BCL6;BAX;ITGB7;HOXA10;CEBPB;ERG;ATM;DDB2;MITF;PLAU;PTK2;ZEB1;IL2RB;ETV7;GADD45B;PRCC;RUNX2;NR4A3;TAF15;ZBTB16;RUNX1;ETV5;SIX4;TCF3;SPI1;FLT1;HIST1H3G;HHEX;CDK14;HIST1H3B;IGF1;HPGD
156,prerank,Salmonella infection,0.4516398699812066,1.3038599065079435,0.03911735205616851,0.07451084556285795,1.0,29/59,31.56%,JUN;ARPC5;ROCK1;FOS;IFNGR1;NFKB1;PFN2;MAPK9;RELA;PLEKHM2;PKN3;MAPK3;MAPK13;IFNG;IL6;MAPK12;MAPK11;MAPK14;MYD88;CXCL2;PKN1;TLR4;PKN2;CCL4;ACTG1;ARPC1B;MAPK8;ACTB;CXCL1
157,prerank,"Parathyroid hormone synthesis, secretion and action",0.438534270394017,1.3038343698073358,0.019,0.07404563512977896,1.0,38/85,28.05%,MEF2C;RAF1;CREB3L2;CREB3;GNAI3;EGFR;MMP17;FOS;GNAI2;PRKACG;PRKCA;BRAF;PRKACA;GATA3;BCL2;ARAF;ATF4;ADCY6;MMP13;MAP2K1;MAPK3;ADCY3;GNAS;CASR;PRKCB;ADCY9;PRKACB;CREB3L4;MEF2D;ARHGEF11;ITPR3;GNA13;CREB1;PDE4D;AKAP13;GNAI1;ITPR1;RUNX2
158,prerank,cAMP signaling pathway,0.4247388275892216,1.301812911314972,0.003,0.07518955989399703,1.0,81/166,35.84%,RAF1;JUN;CREB3L2;EDN1;CREB3;PIK3R3;GNAI3;BAD;CREBBP;ROCK1;FOS;SST;CALM2;ADORA2A;PPARA;PIK3CD;NFKB1;GNAI2;PIK3CA;PRKACG;CACNA1C;BRAF;PRKACA;PAK1;NPY1R;MAPK9;TIAM1;AKT1;RELA;ACOX1;ADCY6;MAP2K1;ATP2A2;MAPK3;ADCY3;ATP2B1;GNAS;PIK3CB;ADCY9;PIK3R1;PRKACB;CREB3L4;HCN4;PDE3B;DRD2;HTR1E;ATP1A3;PDE10A;GRIN2A;CHRM2;CAMK2D;SLC9A1;CAMK2G;RYR2;ORAI1;CFTR;NFATC1;CREB1;PDE4D;ADRB2;GHRL;GNAI1;EDNRA;VAV1;F2R;CAMK2B;GABBR2;MAPK8;PLD1;NFKBIA;PPP1CC;GABBR1;FSHR;SUCNR1;ADCY7;DRD1;CREB5;CAMK2A;GRIA1;ATP1A1;ADRB1
159,prerank,Huntington disease,0.4340071162692524,1.299601882808798,0.01,0.07658997732906443,1.0,62/116,36.29%,COX7B;HDAC1;CREB3L2;PPARG;NDUFB6;CREB3;NDUFA7;NDUFA4L2;CREBBP;SLC25A4;SDHB;POLR2I;POLR2D;APAF1;NDUFV1;UQCRC1;DLG4;CASP9;NDUFB5;TP53;SOD1;NDUFS1;REST;NDUFB2;CREB3L4;CASP3;CLTB;NDUFB8;COX5B;NDUFA8;BAX;SDHD;COX7A1;SOD2;CLTA;CYC1;NDUFAB1;CREB1;POLR2H;SDHC;COX4I1;TGM2;COX6C;POLR2C;ITPR1;CYCS;UQCRFS1;NDUFA4;NDUFA9;PPARGC1A;NDUFC2;POLR2K;NDUFB7;CASP8;NDUFA1;NDUFV2;COX6B1;CREB5;UQCR11;POLR2F;NDUFS3;SLC25A5
160,prerank,Pyrimidine metabolism,0.4627380371286574,1.2985452889257711,0.06713426853707415,0.07692159256672854,1.0,25/40,41.54%,DPYD;CANT1;CTPS1;NME4;CDA;ENTPD3;RRM2;NME1-NME2;DUT;DHODH;ENTPD6;NME3;UPB1;NT5E;TK1;DCK;PNP;DTYMK;RRM1;NME7;CMPK2;CMPK1;ENTPD1;NME2;TYMS
161,prerank,Oxidative phosphorylation,0.44589747269424396,1.2979055518674565,0.024024024024024024,0.07701898357895204,1.0,38/66,38.49%,COX7B;NDUFB6;NDUFA7;NDUFA4L2;LHPP;SDHB;ATP6V1D;NDUFV1;ATP4A;UQCRC1;NDUFB5;ATP6V0B;NDUFS1;NDUFB2;NDUFB8;COX5B;NDUFA8;SDHD;COX7A1;CYC1;NDUFAB1;ATP6V1A;TCIRG1;SDHC;COX4I1;COX6C;UQCRFS1;NDUFA4;NDUFA9;NDUFC2;NDUFB7;NDUFA1;NDUFV2;COX6B1;UQCR11;NDUFS3;NDUFA5;NDUFS7
162,prerank,Gap junction,0.43959116967470113,1.29404967654732,0.033,0.07983507371990337,1.0,28/76,21.43%,RAF1;HRAS;TUBA1A;TUBB4A;GNAI3;PDGFRA;EGFR;GNAI2;PRKACG;PRKCA;PRKACA;TUBB6;SOS2;PRKG2;ADCY6;MAP2K1;MAPK3;SOS1;ADCY3;GNAS;PRKCB;ADCY9;PRKACB;DRD2;GRB2;HTR2C;MAPK7;ITPR3
163,prerank,Butanoate metabolism,0.5065955262875622,1.2930399382342177,0.09968847352024922,0.08034972774130576,1.0,8/19,20.42%,ACSM5;ACAT2;ACAT1;EHHADH;HMGCS1;HADH;OXCT1;HADHA
164,prerank,Oocyte meiosis,0.4383064690530017,1.2890694479422404,0.025025025025025027,0.08331912320463682,1.0,46/78,37.55%,CDC20;CCNE1;SKP1;PPP3CA;RPS6KA1;IGF1R;CALM2;PRKACG;PKMYT1;PRKACA;CUL1;CCNB2;PPP3CC;PPP2R5B;PPP3R2;ADCY6;MAP2K1;MAPK3;ADCY3;ADCY9;PRKACB;PGR;PPP2R5A;CAMK2D;PPP2R5E;ITPR3;MAPK12;CAMK2G;SMC1A;RPS6KA6;BUB1;ITPR1;CAMK2B;FBXW11;PTTG1;PLK1;AURKA;RPS6KA3;PPP1CC;CDK2;ADCY7;CAMK2A;AR;IGF1;BTRC;PPP1CA
165,prerank,PPAR signaling pathway,0.45119174050167776,1.2884690891860435,0.05728643216080402,0.08325423085894225,1.0,18/48,23.32%,PPARG;PCK2;SCP2;ME1;ILK;PPARA;FABP4;EHHADH;ACOX1;FADS2;DBI;ACSL3;CPT1A;LPL;ANGPTL4;ACAA1;PPARD;FABP1
166,prerank,Citrate cycle (TCA cycle),0.47687494419808846,1.2865003915348683,0.09302325581395349,0.08440285234021605,1.0,14/27,30.50%,PCK2;SDHB;PDHB;DLD;PDHA1;FH;CS;ACLY;SDHD;IDH2;SUCLG1;SDHC;MDH2;IDH1
167,prerank,Cushing syndrome,0.4241984578056697,1.2856517138029546,0.012,0.08475811149594274,1.0,61/128,35.42%,AGT;DVL2;CREB3L2;HSD3B1;CCNE1;CREB3;WNT3;GNAI3;EGFR;GNAI2;WNT9A;PRKACG;FZD9;CACNA1C;BRAF;CDKN1B;PRKACA;AXIN2;FZD4;CDK6;FH;ATF4;ADCY6;MAP2K1;MAPK3;RB1;ADCY3;GNAS;ADCY9;PRKACB;CYP17A1;CREB3L4;DVL3;TCF7L2;CAMK2D;E2F1;CRH;AHR;ITPR3;NR4A1;CAMK2G;ORAI1;CREB1;ASH2L;GNAI1;ITPR1;WNT7A;AXIN1;CAMK2B;CTNNB1;CCND1;CDK4;PDE8A;CDK2;RASD1;KCNK2;ADCY7;CREB5;KMT2D;CAMK2A;GNA11
168,prerank,African trypanosomiasis,0.47396243230695234,1.282561309161122,0.10191725529767912,0.08691568671090971,1.0,10/29,22.49%,FAS;PRKCA;TLR9;IL12B;PRKCB;IFNG;IL6;KNG1;ICAM1;MYD88
169,prerank,Purine metabolism,0.4242619657448664,1.2780145606796078,0.022,0.09048814988887871,1.0,56/101,41.40%,CANT1;PPAT;PDE6G;PDE6B;NME4;AMPD1;HPRT1;AK2;AK3;ENTPD3;NUDT9;IMPDH2;ATIC;RRM2;ADCY6;ADK;NME1-NME2;GART;ADSS;ADCY3;ADCY9;APRT;ENTPD6;NME3;PDE3B;PDE10A;PAPSS2;AK4;NT5E;ENTPD2;DCK;GUCY2D;PDE4D;PNP;ADA2;PRPS1;GUK1;AK7;RRM1;GMPR2;XDH;PDE7B;PDE8A;PDE7A;NME7;ADCY7;GUCY1A2;PAICS;GUCY2F;ADSSL1;PFAS;ADA;ADSL;ENTPD1;AMPD2;NME2
170,prerank,Renin secretion,0.442179578114502,1.2777740850890513,0.05823293172690763,0.09021824418193033,1.0,23/54,27.08%,AGT;EDN1;GNAI3;PPP3CA;CALM2;GNAI2;PRKACG;CACNA1C;PRKACA;PPP3CC;PRKG2;PPP3R2;ADCY6;GNAS;PRKACB;PDE3B;ITPR3;ORAI1;CREB1;ADRB2;GNAI1;EDNRA;ITPR1
171,prerank,Basal transcription factors,0.4768665827347486,1.2771535314166758,0.11122345803842265,0.09023852493484537,1.0,13/26,31.20%,ERCC3;GTF2A2;GTF2E2;TAF1L;TAF5L;CDK7;TAF12;CCNH;GTF2A1;TAF9;TAF6L;MNAT1;TAF15
172,prerank,Bile secretion,0.44092878073585895,1.27683105427536,0.07336683417085427,0.08999647948751231,1.0,19/50,23.46%,SLC2A1;ABCC3;PRKACG;CYP3A4;PRKACA;ABCG2;ADCY6;ADCY3;GNAS;HMGCR;ADCY9;SLCO1A2;PRKACB;KCNN2;SLCO1B3;ATP1A3;SLC9A1;AQP9;CFTR
173,prerank,Hippo signaling pathway,0.4216138931139824,1.27422229878834,0.018,0.09194034330058055,1.0,58/108,38.95%,AFP;SMAD2;DVL2;TEAD4;WNT3;SMAD4;WNT9A;FZD9;TGFBR2;YAP1;TGFBR1;CCND2;AXIN2;FZD4;ITGB2;PAK1;MYC;TGFB1;DLG4;RASSF2;SNAI2;CSNK1E;CCND3;TGFB3;ID2;DVL3;AJUBA;TCF7L2;NF2;LATS2;SMAD7;SERPINE1;PPP2R2C;ACTG1;WNT7A;AXIN1;FBXW11;CTNNB1;BIRC2;CCND1;BMPR1B;BMP5;ACTB;BMP4;PPP1CC;TEAD2;CSNK1D;TP53BP2;DLG3;BMP2;BTRC;PPP1CA;APC;PRKCI;PPP2R2A;WNT10B;WWTR1;FZD1
174,prerank,Dopaminergic synapse,0.41913274351020274,1.2680366130739598,0.026,0.0975008566140251,1.0,77/108,46.73%,CREB3L2;CREB3;GNAI3;PPP3CA;FOS;CALM2;GNAI2;PRKACG;CACNA1C;PRKCA;GNGT2;PRKACA;MAOB;MAPK9;PPP3CC;AKT1;PPP2R5B;ATF4;GNAS;MAPK13;KIF5A;PRKCB;GNB5;PRKACB;CREB3L4;DRD2;MAOA;PPP2R5A;GRIN2A;GNG12;CAMK2D;PPP2R5E;ITPR3;MAPK12;MAPK11;MAPK14;CAMK2G;DRD4;CREB1;PPP2R2C;GNAI1;ITPR1;PPP2R3C;GNG7;CAMK2B;MAPK8;GNG5;PPP1CC;SLC18A2;DRD1;CREB5;CAMK2A;CALY;GRIA1;DDC;GSK3A;PPP1CA;TH;PPP2R2A;CACNA1D;PPP2R3A;KCNJ5;COMT;AKT3;ARNTL;GNB4;ADCY5;CALM3;CALM1;PPP2R2D;SLC6A3;GRIA2;PLCB3;DRD3;SCN1A;PPP2R1A;GNG4
175,prerank,Regulation of actin cytoskeleton,0.41804602484079706,1.267962846890291,0.012,0.097004124311467,1.0,71/139,39.47%,RAF1;LPAR2;FGF9;ITGB3;ARPC5;PIP5K1C;HRAS;PIK3R3;LIMK2;PDGFRA;ACTN4;ROCK1;EGFR;PIK3CD;PIK3CA;CRKL;ITGAE;BRAF;PFN2;ITGB2;PAK1;SOS2;TIAM1;FGFR3;ARAF;ITGA3;MAP2K1;MAPK3;FN1;SOS1;BDKRB2;PIK3CB;PIK3R1;MYLK3;KNG1;GNG12;CHRM2;FGFR2;ITGB7;ITGAL;ARHGEF7;SLC9A1;GNA13;RDX;TMSB4X;KRAS;CXCL12;PTK2;VAV1;F2R;ACTG1;ARPC1B;NRAS;PIP5K1A;ACTB;PPP1CC;GIT1;MYLK4;ARPC3;MYLK2;ITGB8;LIMK1;ARPC2;PPP1CA;APC;FGFR1;PIP4K2B;FGF2;WAS;LPAR1;ITGA6
176,prerank,Metabolism of xenobiotics by cytochrome P450,0.44247205037205095,1.2664211691310308,0.06713426853707415,0.0980898658585264,1.0,30/51,36.82%,GSTM2;CYP3A4;CBR3;ALDH3A1;HPGDS;ALDH3B1;MGST2;ADH5;GSTO1;CYP2B6;CYP2E1;AKR1C1;CYP1A1;UGT1A1;GSTM4;AKR7A2;MGST1;CYP3A5;HSD11B1;GSTA2;GSTM1;ADH6;GSTA5;GSTK1;SULT2A1;UGT1A9;CYP2A6;GSTP1;CYP1B1;UGT1A6
177,prerank,Leukocyte transendothelial migration,0.43027698093208383,1.261865448746232,0.049,0.10256546356215943,1.0,35/76,33.50%,PIK3R3;GNAI3;ACTN4;ROCK1;PIK3CD;GNAI2;PIK3CA;PRKCA;CYBA;PLCG2;ITGB2;JAM2;MAPK13;PIK3CB;PRKCB;PIK3R1;CTNND1;CDH5;CD99;ITGAL;ICAM1;MAPK12;MAPK11;MAPK14;CXCL12;PTK2;GNAI1;VAV1;TXK;ACTG1;CLDN1;CTNNB1;ACTB;THY1;PECAM1
178,prerank,Bacterial invasion of epithelial cells,0.4443680143319805,1.2610042169467268,0.07915831663326653,0.1028706014935174,1.0,28/47,40.61%,ARPC5;ILK;PIK3R3;MET;CTTN;PIK3CD;PIK3CA;CRKL;FN1;CAV1;PIK3CB;CAV2;PIK3R1;CLTB;ELMO1;CAV3;CLTA;PTK2;ACTG1;ARPC1B;CTNNB1;ACTB;ARPC3;ARPC2;SHC1;WAS;DNM1;RAC1
179,prerank,Sphingolipid metabolism,0.4810001598920669,1.2569837980087921,0.13946280991735538,0.10646383298225631,1.0,15/21,40.93%,ASAH1;SPTLC1;CERS3;SPTLC3;GLA;GBA;NEU2;SGPL1;SPTLC2;UGCG;SMPD1;CERS2;NEU1;PLPP3;CERS4
180,prerank,Phosphatidylinositol signaling system,0.42740773624535844,1.2543773813704902,0.052104208416833664,0.10891512692414072,1.0,47/73,45.84%,PIK3C3;PIP5K1C;INPP5D;PIK3R3;CALM2;PIK3CD;PIK3CA;PRKCA;ITPK1;PIK3C2A;PLCG2;IPMK;DGKG;IP6K2;PI4K2B;PIK3CB;PRKCB;PIK3R1;PIK3C2B;ITPR3;IPPK;PI4KA;INPP1;CDIPT;MTMR3;DGKH;ITPR1;ITPKB;PI4K2A;PIK3C2G;ITPKA;PI4KB;PIP5K1A;DGKA;DGKE;INPP4A;INPP5A;INPPL1;PIP4K2B;INPP5F;PIP5K1B;ITPKC;PIP4K2C;CALM3;CALM1;PLCB3;PTEN
181,prerank,Arginine biosynthesis,0.5080746118324457,1.2540803248840804,0.1454352441613588,0.10865440328894853,1.0,11/16,39.90%,GOT1;GLUL;ARG2;OTC;GOT2;ASS1;ARG1;CPS1;GLUD1;GPT;GLS
182,prerank,Gastric acid secretion,0.4298141148627211,1.2520406688640289,0.05711422845691383,0.11035666341234418,1.0,35/62,35.74%,KCNJ10;GNAI3;SST;CALM2;GNAI2;PRKACG;PRKCA;PRKACA;ATP4A;ADCY6;ADCY3;GNAS;PRKCB;ADCY9;PRKACB;MYLK3;ATP1A3;CAMK2D;CCKBR;SLC9A1;ITPR3;CAMK2G;CFTR;GNAI1;ITPR1;SLC9A4;GAST;CAMK2B;ACTB;MYLK4;KCNK2;ADCY7;CAMK2A;MYLK2;ATP1A1
183,prerank,Steroid hormone biosynthesis,0.442129251018515,1.245807410239873,0.09547738693467336,0.11682103103472194,1.0,23/39,37.79%,HSD3B1;AKR1D1;CYP3A4;CYP19A1;AKR1C2;CYP2E1;AKR1C1;CYP1A1;CYP17A1;SRD5A1;UGT1A1;SULT1E1;DHRS11;AKR1C3;CYP3A5;HSD11B1;AKR1C4;CYP3A7;UGT1A9;CYP1B1;UGT1A6;HSD17B7;HSD17B8
184,prerank,Arginine and proline metabolism,0.44162273496619436,1.2430882292477003,0.10943775100401607,0.11957182449773326,1.0,24/41,38.59%,CNDP2;GOT1;MAOB;SMOX;LAP3;ALDH9A1;ALDH2;AZIN2;MAOA;ARG2;GOT2;SAT2;P4HA2;ALDH7A1;GAMT;ARG1;ALDH18A1;PYCR1;SMS;PYCR2;CKMT2;ALDH4A1;SRM;CKM
185,prerank,Antigen processing and presentation,0.42485374774406254,1.2383355174004604,0.07607607607607608,0.12446533228742333,1.0,40/62,46.75%,LGMN;HSP90AB1;PSME1;KIR2DL4;B2M;KLRC3;HSPA4;CIITA;IFNG;HLA-DPB1;CTSS;HSP90AA1;HLA-A;NFYB;TAP2;KIR3DL1;HLA-DRB5;CREB1;HSPA2;HLA-DMB;HLA-DRB3;HLA-DRA;RFX5;CD74;HSPA8;CTSL;HLA-DQB1;KLRC4;HLA-DPA1;HLA-DOA;TAPBP;KLRC1;PSME2;NFYA;HLA-DOB;HSPA1B;CTSB;CANX;CD4;KLRD1
186,prerank,Circadian entrainment,0.4182424044649005,1.2373936069080473,0.066,0.12493665669110621,1.0,53/73,50.00%,GNAI3;FOS;CALM2;GNAI2;PRKACG;CACNA1C;PRKCA;GNGT2;PRKACA;MTNR1A;PRKG2;ADCY6;MAPK3;ADCY3;GNAS;PRKCB;GNB5;PER1;ADCY9;PRKACB;GRIN2A;GNG12;CAMK2D;ITPR3;CAMK2G;RYR2;CREB1;GNAI1;ITPR1;GNG7;CAMK2B;GNG5;RASD1;ADCY7;GUCY1A2;CAMK2A;GRIA1;RPS6KA5;CACNA1D;KCNJ5;MAPK1;GNB4;ADCY5;CALM3;CALM1;GRIA2;PLCB3;RYR3;GNG4;ADCY2;GRIN2D;ADCY1;CACNA1I
187,prerank,Cortisol synthesis and secretion,0.4301647523043143,1.235151781353529,0.0893574297188755,0.12691972226919387,1.0,20/55,23.70%,AGT;CREB3L2;HSD3B1;CREB3;PRKACG;CACNA1C;NR0B1;PRKACA;ATF4;ADCY6;ADCY3;GNAS;ADCY9;PRKACB;CYP17A1;CREB3L4;ITPR3;NR4A1;ORAI1;CREB1
188,prerank,Phospholipase D signaling pathway,0.4076855652271842,1.2337586974883943,0.027,0.12812477237361966,1.0,43/123,24.19%,AGT;RAF1;MTOR;LPAR2;PIP5K1C;HRAS;PIK3R3;PDGFRA;CXCR1;EGFR;GRM8;PIK3CD;PIK3CA;PRKCA;PLCG2;SOS2;FYN;DGKG;AKT1;ADCY6;MAP2K1;MAPK3;PIK3CG;SOS1;ADCY3;GNAS;PIK3CB;JMJD7-PLA2G4B;ADCY9;PIK3R1;PTGFR;INSR;GRB2;CYTH2;GRM6;TSC2;GNA13;GRM3;RHEB;ARF1;DGKH;KRAS;RALB
189,prerank,Intestinal immune network for IgA production,0.4345335232483132,1.2326516262867175,0.10130391173520562,0.12886106745732173,1.0,26/45,43.49%,CD40;TNFSF13;PIGR;TGFB1;MAP3K14;IL15;HLA-DPB1;IL6;ITGB7;IL15RA;HLA-DRB5;IL2;CCR9;HLA-DMB;CXCL12;HLA-DRB3;HLA-DRA;CD40LG;HLA-DQB1;IL5;HLA-DPA1;HLA-DOA;ICOS;IL10;HLA-DOB;TNFRSF13C
190,prerank,Adipocytokine signaling pathway,0.42054772811774566,1.229565258427455,0.0940940940940941,0.13202687713180927,1.0,27/61,30.77%,MTOR;NFKBIB;PCK2;SLC2A1;PPARA;NFKB1;STAT3;JAK2;IKBKG;MAPK9;G6PC2;AKT1;RELA;IRS1;PRKAA1;ACSL3;STK11;PRKAG1;CPT1A;PRKAG2;IRS2;TNFRSF1A;IKBKB;NFKBIE;PPARGC1A;MAPK8;NFKBIA
191,prerank,Hedgehog signaling pathway,0.4372557864282664,1.2278420543307946,0.1383838383838384,0.1336220744088581,1.0,11/37,16.17%,IHH;PRKACG;CSNK1A1;PRKACA;CCND2;CUL1;BCL2;CSNK1G2;CSNK1E;CSNK1A1L;PRKACB
192,prerank,Vascular smooth muscle contraction,0.4114373231368317,1.2255351490044624,0.054,0.13593686133189367,1.0,45/94,35.47%,AGT;RAF1;EDN1;ROCK1;CALM2;ADORA2A;PRKACG;CACNA1C;PRKCA;BRAF;PRKACA;ARAF;ADCY6;MAP2K1;MAPK3;PRKCE;ADCY3;GNAS;PTGIR;PRKCB;JMJD7-PLA2G4B;ADCY9;PRKACB;MYLK3;PRKCD;PLA2G12B;ARHGEF11;ITPR3;GNA13;PLA2G12A;PLA2G2E;KCNU1;MYL6;ADORA2B;EDNRA;ITPR1;CALCRL;PPP1CC;PLA2G2D;MYLK4;ADCY7;GUCY1A2;MYLK2;GNA11;CALCA
193,prerank,Drug metabolism,0.41433729507079253,1.2253789837924653,0.069,0.13545429544733725,1.0,42/80,36.82%,DPYD;CES1;NME4;GSTM2;CYP3A4;HPRT1;MAOB;ALDH3A1;HPGDS;CDA;ALDH3B1;MGST2;IMPDH2;ADH5;RRM2;GSTO1;NME1-NME2;CYP2B6;CYP2E1;TPMT;DUT;NME3;UPB1;MAOA;UGT1A1;GSTM4;MGST1;AOX1;TK1;CYP3A5;GSTA2;GSTM1;ADH6;RRM1;XDH;GSTA5;NME7;GSTK1;UGT1A9;CYP2A6;GSTP1;UGT1A6
194,prerank,DNA replication,0.4490305238161521,1.2226130813335225,0.16548223350253807,0.13825266144090323,1.0,5/28,4.38%,RPA2;RFC5;RPA1;MCM2;RFC2
195,prerank,Nicotinate and nicotinamide metabolism,0.47215081325049735,1.2205607741667148,0.17890382626680454,0.14012797318080997,1.0,11/20,38.39%,NAMPT;NMRK1;NNT;NNMT;NT5E;AOX1;PNP;NADSYN1;QPRT;CD38;NMRK2
196,prerank,RNA transport,0.4238889875136988,1.219229821564591,0.10821643286573146,0.14115054909985525,1.0,27/57,33.89%,EIF4E;NUP88;ELAC2;EIF4EBP3;NUP133;EIF4B;POP4;RPP38;RNPS1;NUP85;EIF4EBP2;EIF4EBP1;RAE1;EIF5;DDX39B;SRRM1;PNN;EIF4G1;FMR1;NUP62;EIF1B;EIF3H;XPOT;NCBP1;NXF1;TPR;TACC3
197,prerank,Type I diabetes mellitus,0.4379826216318815,1.2169871514532333,0.15314401622718052,0.14350625881771953,1.0,19/35,42.89%,CPE;FAS;IL12B;IFNG;HLA-DPB1;HLA-A;LTA;HLA-DRB5;IL2;HLA-DMB;HLA-DRB3;HLA-DRA;HSPD1;HLA-DQB1;GAD1;HLA-DPA1;HLA-DOA;HLA-DOB;INS
198,prerank,Insulin secretion,0.4127299913859671,1.213414283808379,0.08608608608608609,0.1476408286416916,1.0,25/73,23.70%,CREB3L2;CREB3;SLC2A1;PRKACG;CACNA1C;PRKCA;PRKACA;FFAR1;ATF4;ADCY6;ADCY3;GNAS;GCK;PRKCB;ADCY9;PRKACB;CREB3L4;KCNN2;ATP1A3;CAMK2D;ITPR3;CAMK2G;RYR2;KCNU1;CREB1
199,prerank,Endocytosis,0.39738565176467217,1.2114620964904248,0.046,0.14960298482398082,1.0,49/139,27.68%,CBLC;SMAD2;RAB4A;ARPC5;PIP5K1C;HRAS;SNX6;ASAP2;CBLB;WIPF2;PDGFRA;IGF1R;CXCR1;EGFR;EPN2;TGFBR2;TGFBR1;CHMP2B;FGFR3;SNX32;TSG101;VPS26A;VPS4A;CAV1;STAMBP;ACAP1;HGS;KIF5A;RAB11FIP2;CAV2;CLTB;TRAF6;CYTH2;HLA-A;VPS28;FGFR2;CHMP6;CAV3;ITCH;CLTA;RAB5A;ARF1;FOLR3;HSPA2;IGF2R;GRK6;IL2RB;UBB;ARPC1B
200,prerank,Folate biosynthesis,0.46976898015756097,1.2111525075537446,0.1956521739130435,0.1493950739223323,1.0,13/19,38.14%,PAH;SPR;PTS;AKR1C3;ALPL;QDPR;FPGS;AKR1B1;TPH1;DHFR;MOCOS;GCH1;TH
201,prerank,Glutathione metabolism,0.42314439321016645,1.2106617421302772,0.14084507042253522,0.14933387657889324,1.0,26/47,38.18%,GSTM2;HPGDS;MGST2;GPX3;GCLC;RRM2;GSTO1;LAP3;GSTM4;MGST1;IDH2;GSS;IDH1;GPX6;GSTA2;GSTM1;RRM1;SMS;GSTA5;GGT7;GGT1;GSTK1;GPX7;GPX2;GSTP1;SRM
202,prerank,Rheumatoid arthritis,0.4110476551787054,1.2105606170927485,0.1,0.14874714769964448,1.0,26/71,26.40%,JUN;TNFSF13;CTSK;FOS;ATP6V1D;LTB;VEGFA;ITGB2;TGFB1;ATP6V0B;IL15;IFNG;HLA-DPB1;TGFB3;IL6;CCL5;ITGAL;ACP5;ICAM1;ATP6V1A;HLA-DRB5;TCIRG1;HLA-DMB;TLR4;CXCL12;HLA-DRB3
203,prerank,Pathogenic Escherichia coli infection,0.4266826899220103,1.2068773522000067,0.1507537688442211,0.15361411048306894,1.0,31/44,51.22%,ARPC5;TUBA1A;TUBB4A;CTTN;ROCK1;ABL1;PRKCA;TUBB6;FYN;ARHGEF2;TLR4;NCK1;ACTG1;ARPC1B;CLDN1;CTNNB1;ACTB;ARPC3;ARPC2;WAS;TUBA4A;TUBA8;TUBB2A;TLR5;ARPC1A;TUBA3C;ITGB1;CDC42;RHOA;YWHAQ;TUBB3
204,prerank,Nitrogen metabolism,0.48224482242955424,1.2066122380606925,0.20063025210084034,0.15315476472971937,1.0,8/16,36.70%,GLUL;CA9;CA12;CA1;CA3;CPS1;CA5B;GLUD1
205,prerank,Renin-angiotensin system,0.48335577010807373,1.2062912080316588,0.184375,0.15287596358033276,1.0,8/17,31.53%,AGT;CTSA;PRCP;AGTR2;PREP;NLN;ACE;ENPEP
206,prerank,Fructose and mannose metabolism,0.4431970727222245,1.2025483383929683,0.16227180527383367,0.15755995993949548,1.0,12/29,36.45%,TSTA3;ALDOC;GMDS;PFKFB1;FUK;PFKL;PFKP;AKR1B1;ENOSF1;HK1;PMM1;TPI1
207,prerank,cGMP-PKG signaling pathway,0.39666856553024754,1.2011380320057983,0.043,0.15880312175384806,1.0,50/133,27.08%,MEF2C;RAF1;CREB3L2;NFATC3;CREB3;GNAI3;BAD;SLC25A4;PPP3CA;ROCK1;SLC8A1;CALM2;GNAI2;CACNA1C;SRF;PPP3CC;GATA4;AKT1;PRKG2;IRS1;ATF4;PPP3R2;ADCY6;MAP2K1;ATP2A2;MAPK3;PIK3CG;PRKCE;ADCY3;BDKRB2;ATP2B1;ADCY9;CREB3L4;MYLK3;PDE3B;INSR;ATP1A3;KNG1;MEF2D;ITPR3;GNA13;IRS2;KCNU1;NFATC1;CREB1;ADRB2;ATP2A1;GNAI1;EDNRA;ITPR1
208,prerank,Aldosterone synthesis and secretion,0.40407522517118094,1.1989732642602733,0.098,0.16125893117112763,1.0,38/83,35.74%,AGT;CREB3L2;HSD3B1;CREB3;ATF1;CALM2;PRKACG;CACNA1C;PRKCA;PRKACA;CAMK1D;ATF4;ADCY6;PRKCE;ADCY3;ATP2B1;GNAS;PRKCB;ADCY9;PRKACB;CREB3L4;ATP1A3;CAMK2D;ITPR3;NR4A1;CAMK2G;ORAI1;CREB1;ITPR1;DAGLB;CAMK2B;KCNK9;CAMK1G;ADCY7;CREB5;CAMK2A;GNA11;ATP1A1
209,prerank,Allograft rejection,0.432648706288278,1.1938284961969203,0.1791497975708502,0.16816796206177737,1.0,18/33,42.88%,CD40;FAS;IL12B;IFNG;HLA-DPB1;HLA-A;HLA-DRB5;IL2;HLA-DMB;HLA-DRB3;HLA-DRA;CD40LG;HLA-DQB1;IL5;HLA-DPA1;HLA-DOA;IL10;HLA-DOB
210,prerank,Notch signaling pathway,0.43328371131594967,1.1908616507797494,0.1815446339017051,0.17204124185949113,1.0,15/36,31.80%,NOTCH2;KAT2A;DVL2;HDAC1;CREBBP;PSEN1;NOTCH1;DVL3;MAML2;RBPJ;JAG1;ADAM17;DTX2;KAT2B;HES1
211,prerank,Tyrosine metabolism,0.44516028576430877,1.1906763433165277,0.2128966223132037,0.1715196483852443,1.0,17/26,42.68%,GOT1;MAOB;ALDH3A1;ALDH3B1;ADH5;HPD;MAOA;GOT2;MIF;AOX1;ADH6;DDC;AOC3;TH;IL4I1;GSTZ1;COMT
212,prerank,"Alanine, aspartate and glutamate metabolism",0.44329002061567596,1.1890321153241787,0.20264765784114053,0.17317898387664618,1.0,19/28,41.78%,PPAT;GOT1;GLUL;ASPA;ADSS;ASNS;GOT2;ASS1;GFPT1;CPS1;GLUD1;ALDH4A1;ADSSL1;GAD1;GPT;GLS;ADSL;IL4I1;ABAT
213,prerank,Phagosome,0.39674580124165065,1.1851755741323946,0.088,0.1787119481702296,1.0,53/99,42.92%,ITGB3;PIK3C3;TUBA1A;TUBB4A;VAMP3;LAMP1;ATP6V1D;C3;CYBA;TUBB6;ITGB2;MSR1;FCGR2B;FCGR2A;ATP6V0B;HGS;THBS1;HLA-DPB1;CTSS;HLA-A;CLEC7A;THBS3;FCGR3B;TAP2;FCAR;ATP6V1A;HLA-DRB5;RAB5A;TCIRG1;HLA-DMB;COLEC11;TLR4;HLA-DRB3;ACTG1;CORO1A;HLA-DRA;ACTB;SEC61A2;M6PR;CTSL;CLEC4M;HLA-DQB1;HLA-DPA1;HLA-DOA;OLR1;SFTPD;TUBA4A;RAC1;TFRC;NCF2;TUBA8;HLA-DOB;ATP6V0C
214,prerank,Ubiquitin mediated proteolysis,0.3965895161976372,1.1849644839912752,0.109,0.17824159017642033,1.0,28/85,24.66%,CBLC;KEAP1;CDC20;UBE2L6;STUB1;KLHL9;SKP1;FBXW7;CBLB;PIAS4;SOCS1;CUL1;CUL2;SKP2;RCHY1;PRKN;TRAF6;BRCA1;UBE2L3;AIRE;RHOBTB2;FANCL;ITCH;UBE2J1;MAP3K1;DDB2;RHOBTB1;TRIM32
215,prerank,Circadian rhythm,0.44270767009916523,1.1822262531622518,0.2223360655737705,0.18204854557571964,1.0,17/24,43.22%,SKP1;RORA;CUL1;PRKAA1;CSNK1E;PER1;PRKAG1;PRKAG2;CREB1;FBXW11;BHLHE40;PRKAB2;CSNK1D;BTRC;RORB;PRKAB1;ARNTL
216,prerank,Glycosaminoglycan biosynthesis,0.47467019293738233,1.1812720574949884,0.2393340270551509,0.18275583267635898,1.0,9/17,34.23%,B3GAT3;HS2ST1;FUT8;EXT1;CHST1;B4GALT3;CHST12;CSGALNACT1;DSE
217,prerank,Arachidonic acid metabolism,0.4114819738325566,1.1761079297778374,0.21148036253776434,0.19094890135438486,1.0,24/42,42.87%,ALOX15B;EPHX2;CBR3;HPGDS;GPX3;CYP2B6;CYP2E1;JMJD7-PLA2G4B;AKR1C3;PLA2G12B;PLA2G12A;PLA2G2E;ALOX5;GPX6;PLA2G2D;PTGES;GGT1;GPX7;GPX2;CYP4F2;GPX1;ALOX12;PTGS2;ALOX15
218,prerank,Thyroid hormone synthesis,0.40460899238427855,1.175338148372615,0.15,0.19136524060932522,1.0,42/62,48.58%,TTF1;CREB3L2;CREB3;PAX8;PRKACG;PRKCA;PRKACA;GPX3;ATF4;ADCY6;ADCY3;GNAS;PRKCB;ADCY9;PRKACB;CREB3L4;ATP1A3;HSP90B1;ITPR3;CREB1;ITPR1;ASGR2;TTR;PDIA4;GPX6;ADCY7;CREB5;ATP1A1;GPX7;GPX2;ATP1B1;TSHR;DUOXA2;GPX1;LRP2;ADCY5;PLCB3;CANX;FXYD2;TPO;ATF2;ADCY2
219,prerank,Glycolysis / Gluconeogenesis,0.40200628652437304,1.1674309920392614,0.17552657973921765,0.20406590003879713,1.0,25/55,37.29%,PCK2;ALDOC;PDHB;DLD;PDHA1;ALDH3A1;ALDH3B1;G6PC2;ADH5;ALDH9A1;GCK;ALDH2;PGK1;PFKL;GAPDH;LDHC;ALDH7A1;PFKP;LDHA;HK1;ADPGK;ADH6;LDHB;TPI1;AKR1A1
220,prerank,Morphine addiction,0.3881045250106148,1.151234082293534,0.1831831831831832,0.2331971870205908,1.0,33/77,34.49%,GNAI3;GNAI2;PRKACG;PRKCA;GNGT2;PRKACA;ADCY6;GABRR2;ADCY3;GNAS;PRKCB;GNB5;SLC32A1;ADCY9;PRKACB;PDE3B;PDE10A;GNG12;PDE4D;GRK6;GNAI1;OPRM1;GNG7;GABRR3;GABRB1;GABBR2;GNG5;GABBR1;PDE7B;PDE8A;PDE7A;ADCY7;DRD1
221,prerank,Peroxisome,0.40052542507823924,1.1397869801164615,0.2429718875502008,0.25527609611955715,1.0,16/47,22.00%,EPHX2;SCP2;PXMP2;CAT;PEX11A;EHHADH;ACOX1;CROT;DHRS4;SOD1;ACSL3;HAO1;MVK;ACAA1;SOD2;IDH2
222,prerank,Calcium signaling pathway,0.36794989407834133,1.1343555202611206,0.131,0.26541373716628647,1.0,69/152,36.33%,SLC25A4;PPP3CA;PDGFRA;ERBB4;EGFR;ERBB2;SLC8A1;CALM2;ADORA2A;PRKACG;TACR2;PHKA1;CACNA1C;GRPR;PRKCA;PRKACA;CAMK1D;PLCG2;PPP3CC;ERBB3;PPP3R2;ATP2A2;PHKG2;ADCY3;BDKRB2;ATP2B1;GNAS;PRKCB;ADCY9;PRKACB;MYLK3;PTGFR;HTR2C;GRIN2A;CHRM2;CAMK2D;CCKBR;PHKB;TBXA2R;ITPR3;CAMK2G;RYR2;ORAI1;GNA15;P2RX4;ADRB2;ADORA2B;ATP2A1;EDNRA;ITPR1;ITPKB;F2R;ITPKA;CAMK2B;LTB4R2;LHCGR;MYLK4;PHKG1;TNNC1;CAMK1G;ADCY7;DRD1;TACR1;CAMK2A;MYLK2;GNA11;ADRB1;SLC25A5;ADRB3
223,prerank,Retinol metabolism,0.4081038991065619,1.1321819974741512,0.2560240963855422,0.2688395109503174,1.0,20/36,36.82%,CYP3A4;ADH5;DGAT1;RDH12;DHRS4;ALDH1A1;CYP2B6;CYP1A1;UGT1A1;RDH5;AOX1;CYP3A5;LRAT;ADH6;RDH11;DHRS3;CYP3A7;UGT1A9;CYP2A6;UGT1A6
224,prerank,mRNA surveillance pathway,0.40443633757939623,1.130938589853652,0.26152304609218435,0.2703360725859348,1.0,26/39,46.66%,MSI2;RNMT;RNPS1;PPP2R5B;PELO;DDX39B;PPP2R5A;PPP2R5E;SRRM1;PNN;PPP2R2C;PPP2R3C;CPSF4;PPP1CC;NCBP1;NXF1;PPP1CA;PPP2R2A;NCBP2;SAP18;PPP2R3A;PABPN1;GSPT2;PAPOLA;PPP2R2D;PPP2R1A
225,prerank,Base excision repair,0.4326384809395711,1.1291134714154696,0.2787564766839378,0.2730454487756813,1.0,14/21,44.97%,LIG3;PARP1;POLB;POLE3;PCNA;LIG1;PARP2;POLE2;APEX1;POLE;UNG;POLE4;OGG1;NEIL1
226,prerank,Chemical carcinogenesis,0.38904939759176055,1.1244448473336244,0.24849699398797595,0.2818875054754683,1.0,29/58,36.82%,KYAT1;GSTM2;CYP3A4;ALDH3A1;HPGDS;ALDH3B1;MGST2;ADH5;GSTO1;AKR1C2;CYP2E1;CYP1A1;UGT1A1;GSTM4;MGST1;CYP3A5;HSD11B1;GSTA2;GSTM1;ADH6;GSTA5;CYP3A7;GSTK1;SULT2A1;UGT1A9;CYP2A6;GSTP1;CYP1B1;UGT1A6
227,prerank,Autoimmune thyroid disease,0.39633909477888507,1.1227574042222355,0.26,0.28419100460162927,1.0,24/44,42.88%,CD40;FAS;IFNA21;IFNA4;IFNA10;HLA-DPB1;HLA-A;IFNA14;IFNA16;HLA-DRB5;IL2;HLA-DMB;HLA-DRB3;IFNA8;HLA-DRA;IFNA2;CD40LG;HLA-DQB1;IL5;HLA-DPA1;HLA-DOA;TSHR;IL10;HLA-DOB
228,prerank,"Glycine, serine and threonine metabolism",0.41710650247786324,1.1221600716362972,0.28024193548387094,0.2843139919713938,1.0,16/32,39.86%,PSAT1;MAOB;DLD;ALAS1;GLDC;CBS;MAOA;ALDH7A1;SHMT2;GAMT;AMT;ALAS2;AOC3;PHGDH;BHMT;GCAT
229,prerank,Retrograde endocannabinoid signaling,0.36680344807922305,1.1180410365600013,0.204,0.2920060309799612,1.0,48/117,31.43%,ABHD6;NDUFB6;NDUFA7;GNAI3;NDUFA4L2;GNAI2;PRKACG;CACNA1C;PRKCA;GNGT2;PRKACA;MAPK9;NDUFV1;ADCY6;MAPK3;NDUFB5;GABRR2;ADCY3;MAPK13;PRKCB;GNB5;NDUFS1;SLC32A1;ADCY9;PRKACB;NDUFB2;NDUFB8;MGLL;NDUFA8;GNG12;ITPR3;MAPK12;MAPK11;MAPK14;NDUFAB1;GNAI1;ITPR1;DAGLB;GNG7;GABRR3;NDUFA4;NDUFA9;GABRB1;NDUFC2;NDUFB7;MAPK8;GNG5;NDUFA1
230,prerank,Ferroptosis,0.40929616022453047,1.1180378782828877,0.2834008097165992,0.2907506593924842,1.0,10/30,22.21%,SLC11A2;FTL;GCLC;HMOX1;PRNP;TP53;ACSL3;SLC39A8;SAT2;GSS
231,prerank,Fat digestion and absorption,0.41394889587579986,1.1159126350396287,0.3159509202453988,0.2943269411005091,1.0,14/28,39.52%,ACAT2;DGAT1;APOB;PLA2G12B;GOT2;PLA2G12A;PLA2G2E;NPC1L1;FABP1;ABCG8;PLA2G2D;PNLIP;PLPP3;ABCG5
232,prerank,Spliceosome,0.3840941521515713,1.1144970040328182,0.2875751503006012,0.2961081490099976,1.0,19/53,23.86%,LSM2;DHX16;PRPF4;SNRNP70;BUD31;PUF60;U2AF1;TRA2B;SF3B1;CHERP;DDX42;LSM6;PPIE;SNRPA;DDX39B;LSM7;LSM5;PQBP1;HSPA2
233,prerank,Protein digestion and absorption,0.38554410771917025,1.1140818334671196,0.2793969849246231,0.29576420729279784,1.0,27/46,51.44%,MEP1B;COL18A1;PRSS3;SLC8A1;COL7A1;PRCP;ATP1A3;PRSS1;COL1A2;SLC15A1;COL4A4;PRSS2;COL4A5;COL4A2;KCNE3;ATP1A1;SLC1A1;ATP1B1;KCNQ1;SLC38A2;COL4A3;KCNJ13;FXYD2;KCNN4;SLC16A10;DPP4;ATP1B2
234,prerank,Cholesterol metabolism,0.3961605402218413,1.1117447881116047,0.28643724696356276,0.2995178959955005,1.0,25/38,49.26%,TSPO;APOE;NPC1;LIPA;VAPB;APOB;LPL;LIPC;ANGPTL4;PCSK9;APOC3;ABCG8;SORT1;SOAT1;APOH;ABCG5;LPA;VDAC1;SOAT2;LRP2;LDLR;APOA1;ANGPTL3;ABCA1;APOC2
235,prerank,Taste transduction,0.39458747494864477,1.1096582390605656,0.3014112903225806,0.3029366407402015,1.0,22/42,40.72%,HTR3A;PRKACG;CACNA1C;PRKACA;ADCY6;P2RY4;ASIC2;SCN3A;PRKACB;HCN4;SCNN1G;HTR1E;ENTPD2;ITPR3;PKD2L1;GABBR2;TRPM5;GABBR1;GABRA1;HTR1F;TAS1R2;GRM4
236,prerank,Arrhythmogenic right ventricular cardiomyopathy (ARVC),0.39100101466885023,1.1008335720636948,0.3002008032128514,0.3215382760523172,1.0,24/47,39.47%,ITGB3;DMD;SLC8A1;CACNA1C;CACNG1;CACNB4;CACNG3;SGCB;ITGA3;ATP2A2;EMD;TCF7L2;ITGB7;RYR2;DAG1;ACTG1;CTNNB1;CACNG2;ACTB;ITGB8;CACNB2;CACNA1D;ACTN2;ITGA6
237,prerank,Asthma,0.4067523532161145,1.1006943595137864,0.33704453441295545,0.32051326220126225,1.0,16/28,42.88%,CD40;HLA-DPB1;HLA-DRB5;HLA-DMB;HLA-DRB3;HLA-DRA;CD40LG;RNASE3;HLA-DQB1;FCER1A;IL5;FCER1G;HLA-DPA1;HLA-DOA;IL10;HLA-DOB
238,prerank,Cytokine-cytokine receptor interaction,0.3532031062531827,1.0944745083664846,0.17,0.33385613903728467,1.0,78/229,32.08%,NGFR;TNFRSF10C;IL4R;CD40;TNFSF13;TNFSF12;EDA;CXCR1;FAS;TNFRSF21;IFNGR1;CCL17;TGFBR2;CCL18;TNFRSF11B;LTB;IFNB1;TGFBR1;MPL;IL10RB;IL31;IL12B;PRLR;TGFB1;IL1RAP;IL1R2;IL27;TNFSF14;IL7R;IFNA21;IL22;CCL24;IL1RN;IL1RL1;IL15;IFNAR1;IFNA4;IFNA10;IFNG;OSMR;CCL1;TGFB3;CSF1R;IL6;IL16;CXCL11;IL1R1;IFNA14;TNFRSF9;CCL5;CD27;LTA;IFNA16;IL15RA;IL2;CXCL2;ACVR1B;CCR9;CXCL13;ACVR2B;TNFRSF1A;IL11RA;EPO;IL13RA2;CXCL12;IL2RB;CCL4;IFNA8;INHBE;IFNA2;TNFRSF18;TNFSF8;BMPR1B;BMP5;BMP4;CXCL1;TNFRSF14;ACVR2A
239,prerank,Salivary secretion,0.37794040529583733,1.0939109285732065,0.28128128128128127,0.33377494806858965,1.0,36/58,48.58%,CALM2;PRKACG;PRKCA;PRKACA;PRKG2;ADCY6;ADCY3;ATP2B1;GNAS;PRKCB;ADCY9;PRKACB;CAMP;ATP1A3;SLC9A1;ITPR3;ADRB2;ITPR1;LYZ;ADCY7;GUCY1A2;TRPV6;ATP1A1;ADRB1;ADRB3;CD38;ATP1B1;ADCY5;CALM3;CALM1;PLCB3;RYR3;FXYD2;KCNN4;ADRA1D;ADCY2
240,prerank,Homologous recombination,0.4119874482733549,1.0935832651646598,0.34818652849740933,0.3331509137563594,1.0,8/22,23.16%,RPA2;RPA1;TOPBP1;BRCA1;BRCA2;NBN;RAD51C;ATM
241,prerank,Neuroactive ligand-receptor interaction,0.34937728702915183,1.0921223715990258,0.17,0.33538828318041414,1.0,137/247,49.46%,AGT;TAAR1;EDN1;LPAR2;P2RY8;MCHR1;TSPO;GRM8;SST;PRSS3;ADORA2A;GNRHR;THRA;RXFP4;TACR2;GRPR;C3;GLRA1;CHRNB1;NPY1R;VIPR1;MTNR1A;PRLR;UTS2R;P2RY4;P2RY2;GABRR2;BDKRB2;PTGIR;CNR2;PTGFR;NR3C1;DRD2;HTR1E;HTR2C;GRIN2A;KNG1;CHRM2;CRH;AGTR2;NPBWR1;FPR3;CCKBR;TBXA2R;S1PR3;GRIK4;GRM6;GRM3;P2RY14;PRSS1;P2RY11;GRIK1;DRD4;GHRHR;P2RX4;ADRB2;PRSS2;S1PR1;ADORA2B;GHRL;FPR1;CHRNA3;EDNRA;SSTR4;GNRH1;F2R;NPFFR1;TAAR9;OPRM1;GABRR3;CALCRL;P2RY10;GABRB1;C5;GABBR2;LTB4R2;PLG;CHRNB3;MC4R;LHCGR;CHRNG;GABBR1;FSHR;DRD1;TACR1;GRIA1;CALCA;ADRB1;GABRA1;P2RY13;ADRB3;CHRNA2;LPAR6;S1PR5;P2RX7;FPR2;PTGDR;TSHR;LPAR1;HTR1F;APLNR;HTR6;GRM4;P2RX1;S1PR2;CTSG;NPFFR2;PRL;PTGER2;RXFP1;F2RL1;UCN;OPRK1;HTR1B;GRM2;CHRNA9;GRIA2;DRD3;CYSLTR1;GABRR1;HCRT;NPY5R;PRLHR;ADRA1D;ADRA2B;MAS1;GABRG2;LEP;GPR156;PTGER4;SSTR5;AGTR1;AVPR1A;GRIN2D;GZMA;ADRA2A;CHRNA4
242,prerank,Glutamatergic synapse,0.36368916460305334,1.0896501734012765,0.303,0.3399458585553745,1.0,36/89,31.06%,GNAI3;PPP3CA;GRM8;GNAI2;PRKACG;CACNA1C;PRKCA;GNGT2;PRKACA;GLUL;PPP3CC;PPP3R2;DLG4;ADCY6;MAPK3;ADCY3;GNAS;PRKCB;GNB5;JMJD7-PLA2G4B;ADCY9;PRKACB;GRIN2A;GNG12;GRIK4;GRM6;ITPR3;GRM3;GRIK1;SLC1A6;GNAI1;ITPR1;GNG7;SLC1A7;PLD1;GNG5
243,prerank,Hematopoietic cell lineage,0.36391084365529186,1.0799991910302718,0.288,0.36191319930104976,1.0,53/90,48.87%,IL4R;ITGB3;CD55;CD3G;CD1E;ITGA3;IL1R2;IL7R;GYPA;CR1;FLT3;HLA-DPB1;CSF1R;IL6;CD9;IL1R1;HLA-DRB5;CD59;CD19;HLA-DMB;IL11RA;EPO;HLA-DRB3;CD1B;HLA-DRA;CD34;CSF3R;GP5;KIT;HLA-DQB1;CD3E;IL5;CD38;HLA-DPA1;HLA-DOA;ITGA6;CD5;FCER2;CD24;IL6R;TFRC;HLA-DOB;EPOR;CD1C;CD7;MS4A1;CD3D;FCGR1A;CD4;CSF1;CD1A;IL4;CD44
244,prerank,Tight junction,0.3580572436565647,1.0798716697673554,0.2882882882882883,0.3607979150100309,1.0,51/97,40.89%,JUN;TUBA1A;CTTN;ACTN4;ROCK1;ACTR3;ERBB2;PRKACG;PRKACA;MAPK9;CD1E;TIAM1;GATA4;JAM2;PRKAA1;HSPA4;PRKCE;STK11;PRKACB;PRKAG1;PCNA;NF2;PRKAG2;MAP3K1;RDX;CFTR;MAP3K5;MYL6;ARHGEF2;PPP2R2C;CD1B;ACTG1;IGSF5;CLDN1;MAPK8;CCND1;RAB8B;ACTB;RUNX1;CDK4;PRKAB2;MPP4;DLG3;PRKCI;PPP2R2A;CACNA1D;WAS;EPB41L4B;TUBA4A;RAC1;MICALL2
245,prerank,Primary immunodeficiency,0.38798534944309393,1.0785046764188382,0.35786290322580644,0.3626981057868362,1.0,22/36,46.22%,CD40;JAK3;IKBKG;IL7R;ZAP70;CIITA;LCK;AIRE;TAP2;IGLL1;ORAI1;CD19;RFX5;CD40LG;CD3E;CD79A;ADA;ICOS;UNG;TNFRSF13C;CD3D;CD4
246,prerank,Pancreatic secretion,0.3661863958643123,1.0778807334737803,0.325,0.36271457239353816,1.0,40/65,52.49%,PRSS3;PRKCA;ADCY6;ATP2A2;ADCY3;ATP2B1;GNAS;PRKCB;ADCY9;ATP1A3;PLA2G12B;SLC9A1;ITPR3;PRSS1;PLA2G12A;PLA2G2E;RYR2;CFTR;PRSS2;ATP2A1;ITPR1;PLA2G2D;ADCY7;ATP1A1;PNLIP;CD38;RAB11A;ATP1B1;RAC1;KCNQ1;ADCY5;PLCB3;FXYD2;ADCY2;RHOA;ADCY1;PLA2G2A;ATP1B2;AMY2A;RAP1A
247,prerank,Pantothenate and CoA biosynthesis,0.43497384535923467,1.077178815823293,0.4018887722980063,0.36299093127247767,1.0,2/16,1.42%,COASY;DPYD
248,prerank,Ribosome,0.3731934633240696,1.0657477600731646,0.36936936936936937,0.3900857684733729,1.0,28/44,49.43%,RPS17;MRPL19;RPL11;RPL15;RPS10;RSL24D1;RPL19;RPS7;RPS19;MRPS16;MRPL12;RPL22L1;RPS14;UBA52;MRPS2;FAU;RPL22;RPL37A;RPL23;RPL35A;MRPS18A;RPS2;RPS3;RPS6;RPS3A;RPS9;RPL7;RPL21
249,prerank,Ribosome biogenesis in eukaryotes,0.38719546304981733,1.06292144313126,0.3936927772126144,0.3954697848634085,1.0,17/32,44.91%,CSNK2B;POP4;RPP38;CSNK2A2;HEATR1;NVL;RIOK1;RIOK2;GTPBP4;CSNK2A1;NXF1;SNU13;DKC1;NOP10;UTP18;RPP40;IMP3
250,prerank,Porphyrin and chlorophyll metabolism,0.4117750445759813,1.0592714589684042,0.40560165975103735,0.4030629405392169,1.0,11/20,36.82%,ALAS1;UROD;HMOX1;BLVRB;UGT1A1;FXN;BLVRA;HMOX2;ALAS2;UGT1A9;UGT1A6
251,prerank,GABAergic synapse,0.3577448254292475,1.0589412117500918,0.365,0.4023391343182961,1.0,49/75,53.95%,GNAI3;GNAI2;PRKACG;CACNA1C;PRKCA;GNGT2;PRKACA;TRAK2;GLUL;ADCY6;GABRR2;ADCY3;PRKCB;GNB5;SLC32A1;ADCY9;PRKACB;GNG12;GNAI1;GNG7;GABRR3;GABRB1;GABBR2;GNG5;GABBR1;ADCY7;GABRA1;GAD1;CACNA1D;GLS;ABAT;SLC38A2;GNB4;ADCY5;GPHN;SLC6A13;GABRR1;GNG4;GABRG2;ADCY2;ADCY1;SLC38A1;CACNA1S;PLCL1;GAD2;GABRG1;GABRD;CACNA1A;SLC38A5
252,prerank,Olfactory transduction,0.3758840547790106,1.058934164049914,0.3877139979859013,0.40075284365749797,1.0,16/42,29.31%,OR2T33;SLC8A1;CALM2;PRKACG;PRKACA;PRKG2;ADCY3;PRKACB;CAMK2D;OR5B21;OR10S1;CAMK2G;GUCY2D;OR52B2;GNG7;CAMK2B
253,prerank,Graft-versus-host disease,0.38257167428647565,1.0561298430846273,0.39737108190091003,0.40620048808612397,1.0,16/34,42.88%,FAS;IFNG;HLA-DPB1;IL6;HLA-A;KIR3DL1;HLA-DRB5;IL2;HLA-DMB;HLA-DRB3;HLA-DRA;HLA-DQB1;HLA-DPA1;HLA-DOA;KLRC1;HLA-DOB
254,prerank,Carbohydrate digestion and absorption,0.3734858907923041,1.0405422118828076,0.44715447154471544,0.4445439538480998,1.0,17/37,40.35%,PIK3R3;PIK3CD;PIK3CA;G6PC2;AKT1;PIK3CB;PRKCB;PIK3R1;ATP1A3;LCT;HK1;SLC37A4;ATP1A1;CACNA1D;ATP1B1;G6PC3;TAS1R2
255,prerank,Cell adhesion molecules (CAMs),0.34552765980207145,1.0374072273264734,0.423,0.4508052562983948,1.0,48/99,47.30%,MPZL1;L1CAM;CD40;ICAM3;NCAM1;VCAN;ITGB2;CD58;JAM2;HLA-DPB1;ICAM2;CDH5;HLA-A;CD99;ITGB7;ITGAL;ICAM1;HLA-DRB5;HLA-DMB;HLA-DRB3;CDH3;CLDN1;HLA-DRA;LRRC4;CD34;PVR;PECAM1;ALCAM;SDC1;CD40LG;SIGLEC1;ITGB8;HLA-DQB1;NECTIN1;HLA-DPA1;HLA-DOA;ITGA6;LRRC4C;ICOS;SELL;HLA-DOB;TIGIT;PDCD1LG2;CD4;ESAM;CD226;CTLA4;SDC2
256,prerank,ECM-receptor interaction,0.3664179240961828,1.0368635986401125,0.4619238476953908,0.45045080852169894,1.0,28/45,48.87%,ITGB3;LAMB3;LAMB1;ITGA3;FN1;THBS1;THBS3;ITGB7;COL1A2;LAMA3;COL4A4;DAG1;COL4A5;COL4A2;SDC1;GP5;ITGB8;ITGA6;SPP1;COL4A3;SV2A;HSPG2;GP6;CD47;HMMR;ITGB5;ITGB1;CD44
257,prerank,Steroid biosynthesis,0.4166326477421569,1.0325828141886115,0.43418259023354566,0.4598704573759158,1.0,10/17,42.78%,NSDHL;LIPA;FDFT1;DHCR24;CYP24A1;EBP;SOAT1;HSD17B7;CYP51A1;SOAT2
258,prerank,Basal cell carcinoma,0.361300712716764,1.0233698646266094,0.4497991967871486,0.48109456476163426,1.0,20/47,38.95%,DVL2;WNT3;WNT9A;FZD9;AXIN2;FZD4;TP53;DVL3;TCF7L2;BAX;DDB2;GADD45B;WNT7A;AXIN1;CTNNB1;BMP4;BMP2;APC;WNT10B;FZD1
259,prerank,Linoleic acid metabolism,0.40504127807975715,1.0181941795568403,0.47280334728033474,0.4921375690230717,1.0,6/17,22.65%,CYP3A4;CYP2E1;JMJD7-PLA2G4B;PLA2G12B;PLA2G12A;PLA2G2E
260,prerank,Ether lipid metabolism,0.3867553689728265,1.0037732888881996,0.500515995872033,0.5268845102417852,1.0,17/21,55.34%,JMJD7-PLA2G4B;PLA2G12B;PLA2G12A;PLA2G2E;CEPT1;PLD1;PLA2G2D;PAFAH1B2;PLPP3;PLD4;PLA2G6;PAFAH1B3;SELENOI;PLA2G2A;ENPP2;LPCAT1;PLD2
261,prerank,Herpes simplex virus 1 infection,0.3143678451525959,0.9863871680580019,0.568,0.5685924481659188,1.0,113/300,33.36%,ZNF529;ZNF454;ZNF519;MTOR;ZNF554;ITGB3;PIK3R3;BAD;ZNF597;FAS;ZNF200;FADD;ZFP28;IFNGR1;IKBKE;PIK3CD;NFKB1;ZNF791;PIK3CA;C3;IFNB1;ZNF212;JAK2;EIF2AK1;IKBKG;BCL2;TLR9;B2M;APAF1;TYK2;AKT1;RELA;IL12B;POU2F1;ZNF300;CASP9;TP53;TNFSF14;IFNA21;ZNF227;TAB2;EIF4EBP1;RNASEL;ZNF589;PIK3CB;ZNF786;IFNAR1;IFNA4;STAT2;PIK3R1;IFNA10;TICAM1;IFNG;HLA-DPB1;CASP3;ZIM3;MAP3K7;ZNF582;STAT1;IL6;ZNF136;IRAK4;TRAF6;ZNF426;HLA-A;ZNF559;BAX;IFNA14;CCL5;ZNF595;ZNF599;TSC2;LTA;TAP2;TBK1;IFNA16;MYD88;HLA-DRB5;RHEB;ZNF562;ZNF583;HLA-DMB;ZNF169;IRF9;TNFRSF1A;JAK1;ZNF195;HLA-DRB3;IKBKB;SYK;ZNF543;ZNF74;CYCS;IFNA8;BID;ZNF268;HLA-DRA;C5;IFNA2;BIRC2;ZNF141;CASP8;NFKBIA;ZNF184;PPP1CC;TNFRSF14;NXF1;ZNF707;ZNF621;CD74;ZNF77;ZNF490;TRAF3
262,prerank,Mineral absorption,0.34946192682302285,0.960508368334264,0.5711382113821138,0.6306485346747824,1.0,21/30,55.00%,SLC8A1;SLC11A2;FTL;HMOX1;ATP2B1;SLC26A9;ATP1A3;MT1M;HMOX2;TRPV6;ATP1A1;ATP1B1;VDR;TRPM7;FXYD2;ATP1B2;ATOX1;TF;SLC5A1;MT1F;CLCN2
263,prerank,N-Glycan biosynthesis,0.3789970171762836,0.9578553258131599,0.5386221294363257,0.6345686465375132,1.0,8/19,37.00%,GANAB;ALG9;RPN2;FUT8;MGAT4A;B4GALT3;MAN2A2;MAN1B1
264,prerank,Synaptic vesicle cycle,0.3355229184777865,0.953906138832482,0.5945674044265593,0.6417100992601655,1.0,22/42,45.90%,SLC6A4;ATP6V1D;ATP6V0B;SLC32A1;CLTB;CLTA;ATP6V1A;SLC1A6;SLC6A5;TCIRG1;SLC1A7;SYT1;SLC1A2;SLC18A2;SLC1A1;STXBP1;DNM1;SLC6A2;AP2M1;ATP6V0C;SLC6A3;SLC6A13
265,prerank,Systemic lupus erythematosus,0.3260772516086363,0.9531297399939677,0.628,0.6411158756744592,1.0,32/66,42.88%,CD40;HIST1H2AL;C1QA;ACTN4;C3;FCGR2A;HIST2H2BE;IFNG;HLA-DPB1;C2;GRIN2A;HIST1H2BD;FCGR3B;HLA-DRB5;HIST1H4E;HLA-DMB;HIST1H2AG;HIST1H2BK;H2AFV;HLA-DRB3;HLA-DRA;C5;HIST1H3G;C4A;CD40LG;HIST1H3B;HLA-DQB1;HLA-DPA1;HLA-DOA;CTSG;IL10;HLA-DOB
266,prerank,Phototransduction,0.37315914651830895,0.9281161736551764,0.6061246040126715,0.6955288307775395,1.0,3/15,5.71%,PDE6G;PDE6B;CALM2
267,prerank,Proximal tubule bicarbonate reclamation,0.36064960468313156,0.9193022034045532,0.6216216216216216,0.7119200125235846,1.0,11/19,51.49%,PCK2;ATP1A3;SLC25A10;ATP1A1;GLUD1;ATP1B1;GLS;MDH1;FXYD2;ATP1B2;PCK1
268,prerank,Glycerolipid metabolism,0.32739555426665956,0.9120880687184058,0.6764112903225806,0.7240315839169398,1.0,16/38,37.94%,DGKG;DGAT1;ALDH9A1;ALDH2;MGLL;LPL;GLA;LIPC;ALDH7A1;DGKH;AKR1B1;DGKA;DGKE;PNLIP;AKR1A1;PLPP3
269,prerank,ABC transporters,0.30888817426492565,0.844170615879559,0.754582484725051,0.8392425822556627,1.0,16/30,51.57%,ABCC5;ABCC3;ABCG2;TAP2;CFTR;ABCA8;ABCG8;ABCG5;ABCA9;ABCB5;ABCA5;ABCA3;ABCA1;ABCB6;ABCD2;ABCB1
270,prerank,Vitamin digestion and absorption,0.33169036601025026,0.8377649806930769,0.7290116896918172,0.8453256625046144,1.0,8/16,45.54%,SLC5A6;APOB;SLC19A1;CUBN;LRAT;PNLIP;FOLH1;APOA1
271,prerank,Glycosphingolipid biosynthesis,0.3307136276731436,0.8270625012295716,0.7625523012552301,0.8562538238547548,1.0,7/16,35.45%,FUT3;GLA;HEXA;B4GALNT1;FUT1;B4GALT3;ST3GAL5
272,prerank,Glycerophospholipid metabolism,0.28508927718639376,0.8164965238508519,0.8455366098294884,0.8662124349024491,1.0,29/49,55.34%,DGKG;JMJD7-PLA2G4B;PLA2G12B;MBOAT7;PLA2G12A;CDIPT;PLA2G2E;DGKH;CEPT1;PLD1;PLA2G2D;DGKA;DGKE;GPD1;PLPP3;LYPLA1;ETNK2;PLD4;CHAT;PLA2G6;DGKZ;GPAT3;SELENOI;CHKB;PLA2G2A;DGKQ;LPGAT1;LPCAT1;PLD2
273,prerank,Maturity onset diabetes of the young,0.30092033722110023,0.7571775767824029,0.8305263157894737,0.9206091427262196,1.0,8/17,46.20%,HNF1B;GCK;HES1;HHEX;FOXA3;INS;RFX6;HNF4G
274,prerank,Nicotine addiction,0.23744712918154387,0.6590838764260029,0.9400406504065041,0.9692278374263924,1.0,23/34,64.93%,GABRR2;SLC32A1;GRIN2A;GABRR3;GABRB1;GRIA1;GABRA1;GRIA2;GABRR1;GABRG2;GRIN2D;CHRNA4;GABRG1;GABRD;GRIN3A;CACNA1A;GRIN1;GABRA4;GABRQ;GABRB2;GABRA3;GRIN2B;GABRE
275,prerank,Pentose phosphate pathway,0.23141268660940564,0.5959595308915627,0.9512953367875647,0.9827175186825302,1.0,13/20,62.61%,ALDOC;PFKL;PRPS1;PFKP;G6PD;RBKS;TKT;GLYCTK;RPIA;PGD;PRPS2;IDNK;PFKM
